Date,Description,Investment,Asset Code,Pot,Account,No. Shares,Share Price (£),Total Value (£)
07-Nov-22,Purchase,VERX,VERX,My Nutmeg Pot,ISA,1.0779,28.005,30.19
07-Nov-22,Purchase,CEUG,CEUG,My Nutmeg Pot,ISA,3.2887,5.271,17.33
07-Nov-22,Purchase,ISF,ISF,My Nutmeg Pot,ISA,8.8066,7.1609,63.06
07-Nov-22,Purchase,EMIM,EMIM,My Nutmeg Pot,ISA,0.9673,23.48,22.71
07-Nov-22,Purchase,XDUS,XDUS,My Nutmeg Pot,ISA,0.8946,93.36,83.52
07-Nov-22,Purchase,CUS1,CUS1,My Nutmeg Pot,ISA,0.0567,366.65,20.79
07-Nov-22,Purchase,UC94,UC94,My Nutmeg Pot,ISA,0.1434,18.616,2.67
07-Nov-22,Purchase,VMID,VMID,My Nutmeg Pot,ISA,0.4196,28.865,12.11
07-Nov-22,Purchase,GSPX,GSPX,My Nutmeg Pot,ISA,9.8692,6.5154,64.3
07-Nov-22,Purchase,SRIW,SRIW,My Nutmeg Pot,ISA,3.7132,12.29,45.64
07-Nov-22,Purchase,LCJG,LCJG,My Nutmeg Pot,ISA,0.9266,12.28,11.38
07-Nov-22,Purchase,UC87,UC87,My Nutmeg Pot,ISA,0.6144,17.134,10.53
07-Nov-22,Purchase,CPJ1,CPJ1,My Nutmeg Pot,ISA,0.0975,129.92,12.67
07-Nov-22,Purchase,LCJP,LCJP,My Nutmeg Pot,ISA,1.308,11.104,14.52
07-Nov-22,Purchase,ISJP,ISJP,My Nutmeg Pot,ISA,0.1568,28.89,4.53
07-Nov-22,Purchase,UC79,UC79,My Nutmeg Pot,ISA,1.2156,10.058,12.23
07-Nov-22,Purchase,CES1,CES1,My Nutmeg Pot,ISA,0.0188,198.58,3.73
07-Nov-22,Purchase,UKSR,UKSR,My Nutmeg Pot,ISA,0.7717,14.544,11.22
02-Nov-22,Fee,CASH,N/A,My Nutmeg Pot,ISA,0,0,5.03
27-Oct-22,Purchase,CUS1,CUS1,My Nutmeg Pot,ISA,0.0128,363.208,4.65
27-Oct-22,Purchase,ISJP,ISJP,My Nutmeg Pot,ISA,0.0357,28.3777,1.01
27-Oct-22,Purchase,XDUS,XDUS,My Nutmeg Pot,ISA,0.199,93.6467,18.64
27-Oct-22,Purchase,UC94,UC94,My Nutmeg Pot,ISA,0.0321,18.5764,0.6
27-Oct-22,Purchase,VMID,VMID,My Nutmeg Pot,ISA,0.0958,28.1106,2.69
27-Oct-22,Purchase,LCJP,LCJP,My Nutmeg Pot,ISA,0.3007,10.7978,3.25
27-Oct-22,Purchase,EMIM,EMIM,My Nutmeg Pot,ISA,0.2301,22.0458,5.07
27-Oct-22,Purchase,SRIW,SRIW,My Nutmeg Pot,ISA,0.8374,12.1472,10.17
27-Oct-22,Purchase,GSPX,GSPX,My Nutmeg Pot,ISA,2.1756,6.5844,14.33
27-Oct-22,Purchase,ISF,ISF,My Nutmeg Pot,ISA,2.0393,6.9201,14.11
27-Oct-22,Purchase,UC87,UC87,My Nutmeg Pot,ISA,0.1385,16.9152,2.34
27-Oct-22,Purchase,CEUG,CEUG,My Nutmeg Pot,ISA,0.7553,5.1129,3.86
27-Oct-22,Purchase,CPJ1,CPJ1,My Nutmeg Pot,ISA,0.0228,123.9929,2.83
27-Oct-22,Purchase,LCJG,LCJG,My Nutmeg Pot,ISA,0.2115,12.0021,2.54
27-Oct-22,Purchase,VERX,VERX,My Nutmeg Pot,ISA,0.2474,27.2245,6.74
27-Oct-22,Purchase,CES1,CES1,My Nutmeg Pot,ISA,0.0043,192.8639,0.83
27-Oct-22,Purchase,UKSR,UKSR,My Nutmeg Pot,ISA,0.1773,14.1283,2.5
27-Oct-22,Purchase,UC79,UC79,My Nutmeg Pot,ISA,0.2906,9.4112,2.73
20-Oct-22,Purchase,CES1,CES1,My Nutmeg Pot,ISA,0.0044,187.4837,0.82
20-Oct-22,Purchase,CPJ1,CPJ1,My Nutmeg Pot,ISA,0.0223,126.5041,2.82
20-Oct-22,Purchase,GSPX,GSPX,My Nutmeg Pot,ISA,2.2519,6.371,14.35
20-Oct-22,Purchase,CEUG,CEUG,My Nutmeg Pot,ISA,0.7796,4.9611,3.87
20-Oct-22,Purchase,LCJP,LCJP,My Nutmeg Pot,ISA,0.2987,10.7982,3.23
20-Oct-22,Purchase,SRIW,SRIW,My Nutmeg Pot,ISA,0.8491,11.9443,10.14
20-Oct-22,Purchase,UC94,UC94,My Nutmeg Pot,ISA,0.0328,18.1261,0.59
20-Oct-22,Purchase,VMID,VMID,My Nutmeg Pot,ISA,0.1002,26.8439,2.69
20-Oct-22,Purchase,LCJG,LCJG,My Nutmeg Pot,ISA,0.2121,11.942,2.53
20-Oct-22,Purchase,CUS1,CUS1,My Nutmeg Pot,ISA,0.0129,358.6854,4.63
20-Oct-22,Purchase,VERX,VERX,My Nutmeg Pot,ISA,0.253,26.5955,6.73
20-Oct-22,Purchase,XDUS,XDUS,My Nutmeg Pot,ISA,0.1994,93.0231,18.55
20-Oct-22,Purchase,EMIM,EMIM,My Nutmeg Pot,ISA,0.2203,22.9062,5.05
20-Oct-22,Purchase,ISJP,ISJP,My Nutmeg Pot,ISA,0.0352,28.6085,1.01
20-Oct-22,Purchase,UKSR,UKSR,My Nutmeg Pot,ISA,0.1814,13.816,2.51
20-Oct-22,Purchase,ISF,ISF,My Nutmeg Pot,ISA,2.076,6.7792,14.07
20-Oct-22,Purchase,UC87,UC87,My Nutmeg Pot,ISA,0.1424,16.426,2.34
20-Oct-22,Purchase,UC79,UC79,My Nutmeg Pot,ISA,0.2793,9.7326,2.72
17-Oct-22,Purchase,EMIM,EMIM,My Nutmeg Pot,ISA,0.5658,22.7252,12.86
17-Oct-22,Purchase,UC87,UC87,My Nutmeg Pot,ISA,0.366,16.2485,5.95
17-Oct-22,Purchase,LCJP,LCJP,My Nutmeg Pot,ISA,0.7655,10.7445,8.22
17-Oct-22,Purchase,GSPX,GSPX,My Nutmeg Pot,ISA,5.8499,6.2418,36.51
17-Oct-22,Purchase,UC79,UC79,My Nutmeg Pot,ISA,0.7135,9.6868,6.91
17-Oct-22,Purchase,CUS1,CUS1,My Nutmeg Pot,ISA,0.0333,352.7579,11.75
17-Oct-22,Purchase,SRIW,SRIW,My Nutmeg Pot,ISA,2.2072,11.6958,25.81
17-Oct-22,Purchase,UC94,UC94,My Nutmeg Pot,ISA,0.084,18.0133,1.51
17-Oct-22,Purchase,LCJG,LCJG,My Nutmeg Pot,ISA,0.5446,11.8512,6.45
17-Oct-22,Purchase,ISJP,ISJP,My Nutmeg Pot,ISA,0.09,28.4402,2.56
17-Oct-22,Purchase,UKSR,UKSR,My Nutmeg Pot,ISA,0.465,13.7157,6.38
17-Oct-22,Purchase,VMID,VMID,My Nutmeg Pot,ISA,0.2573,26.6045,6.85
17-Oct-22,Purchase,XDUS,XDUS,My Nutmeg Pot,ISA,0.521,90.7664,47.29
17-Oct-22,Purchase,CEUG,CEUG,My Nutmeg Pot,ISA,2.0184,4.8839,9.86
17-Oct-22,Purchase,ISF,ISF,My Nutmeg Pot,ISA,5.3118,6.7569,35.89
17-Oct-22,Purchase,VERX,VERX,My Nutmeg Pot,ISA,0.6587,26.0695,17.17
17-Oct-22,Purchase,CES1,CES1,My Nutmeg Pot,ISA,0.0116,182.7763,2.12
17-Oct-22,Purchase,CPJ1,CPJ1,My Nutmeg Pot,ISA,0.0575,124.7055,7.17
06-Oct-22,Purchase,VMID,VMID,My Nutmeg Pot,ISA,0.5707,27.21,15.53
06-Oct-22,Purchase,CUS1,CUS1,My Nutmeg Pot,ISA,0.0736,363.834,26.78
06-Oct-22,Purchase,EMIM,EMIM,My Nutmeg Pot,ISA,1.2215,23.905,29.2
06-Oct-22,Purchase,VERX,VERX,My Nutmeg Pot,ISA,1.4514,26.7705,38.85
06-Oct-22,Purchase,ISJP,ISJP,My Nutmeg Pot,ISA,0.1962,29.78,5.84
06-Oct-22,Purchase,GSPX,GSPX,My Nutmeg Pot,ISA,12.7977,6.473,82.84
06-Oct-22,Purchase,CPJ1,CPJ1,My Nutmeg Pot,ISA,0.1243,131.14,16.3
06-Oct-22,Purchase,XDUS,XDUS,My Nutmeg Pot,ISA,1.1393,94.502,107.67
06-Oct-22,Purchase,UC94,UC94,My Nutmeg Pot,ISA,0.1888,18.1541,3.43
06-Oct-22,Purchase,LCJP,LCJP,My Nutmeg Pot,ISA,1.6702,11.192,18.69
06-Oct-22,Purchase,SRIW,SRIW,My Nutmeg Pot,ISA,4.7872,12.2783,58.78
06-Oct-22,Purchase,CEUG,CEUG,My Nutmeg Pot,ISA,4.5209,4.9401,22.33
06-Oct-22,Purchase,ISF,ISF,My Nutmeg Pot,ISA,11.8425,6.852,81.14
06-Oct-22,Purchase,UKSR,UKSR,My Nutmeg Pot,ISA,1.0347,13.956,14.44
06-Oct-22,Purchase,UC87,UC87,My Nutmeg Pot,ISA,0.8058,16.7511,13.5
06-Oct-22,Purchase,LCJG,LCJG,My Nutmeg Pot,ISA,1.2215,12,14.66
06-Oct-22,Purchase,CES1,CES1,My Nutmeg Pot,ISA,0.0258,186.2837,4.81
06-Oct-22,Purchase,UC79,UC79,My Nutmeg Pot,ISA,1.5534,10.1448,15.76
05-Oct-22,Dividend,CASH,VMID,My Nutmeg Pot,ISA,0,0,2.61
05-Oct-22,Dividend,CASH,ISF,My Nutmeg Pot,ISA,0,0,22.31
04-Oct-22,Dividend,CASH,VERX,My Nutmeg Pot,ISA,0,0,2.01
03-Oct-22,Fee,CASH,N/A,My Nutmeg Pot,ISA,0,0,4.76
26-Sep-22,Purchase,EMIM,EMIM,My Nutmeg Pot,ISA,0.2111,24.43,5.16
26-Sep-22,Purchase,SRIW,SRIW,My Nutmeg Pot,ISA,0.8326,12.436,10.35
26-Sep-22,Purchase,CEUG,CEUG,My Nutmeg Pot,ISA,0.8168,4.8345,3.95
26-Sep-22,Purchase,CPJ1,CPJ1,My Nutmeg Pot,ISA,0.0216,133.5,2.88
26-Sep-22,Purchase,CUS1,CUS1,My Nutmeg Pot,ISA,0.0131,360.35,4.72
26-Sep-22,Purchase,XDUS,XDUS,My Nutmeg Pot,ISA,0.1977,96,18.98
26-Sep-22,Purchase,UC87,UC87,My Nutmeg Pot,ISA,0.1486,16.076,2.39
26-Sep-22,Purchase,VMID,VMID,My Nutmeg Pot,ISA,0.1008,27.29,2.75
26-Sep-22,Purchase,CES1,CES1,My Nutmeg Pot,ISA,0.0046,186.74,0.86
26-Sep-22,Purchase,UC94,UC94,My Nutmeg Pot,ISA,0.0349,17.48,0.61
26-Sep-22,Purchase,VERX,VERX,My Nutmeg Pot,ISA,0.2581,26.66,6.88
26-Sep-22,Purchase,ISF,ISF,My Nutmeg Pot,ISA,2.1136,6.814,14.4
26-Sep-22,Purchase,GSPX,GSPX,My Nutmeg Pot,ISA,2.3144,6.328,14.65
26-Sep-22,Purchase,LCJG,LCJG,My Nutmeg Pot,ISA,0.2216,11.674,2.59
26-Sep-22,Purchase,LCJP,LCJP,My Nutmeg Pot,ISA,0.2897,11.4,3.3
26-Sep-22,Purchase,UC79,UC79,My Nutmeg Pot,ISA,0.2673,10.38,2.77
26-Sep-22,Purchase,ISJP,ISJP,My Nutmeg Pot,ISA,0.0338,30.42,1.03
26-Sep-22,Purchase,UKSR,UKSR,My Nutmeg Pot,ISA,0.1818,14.074,2.56
16-Sep-22,Interest,CASH,N/A,Unallocated Cash,ISA,0,0,0.13
16-Sep-22,Interest,CASH,N/A,My Nutmeg Pot,ISA,0,0,0.06
16-Sep-22,Interest,CASH,N/A,Unallocated Cash,General,0,0,0.02
15-Sep-22,Purchase,SRIW,SRIW,My Nutmeg Pot,ISA,0.9107,12.6605,11.53
15-Sep-22,Purchase,CUS1,CUS1,My Nutmeg Pot,ISA,0.0142,370.6952,5.26
15-Sep-22,Purchase,CEUG,CEUG,My Nutmeg Pot,ISA,0.848,5.1741,4.39
15-Sep-22,Purchase,EMIM,EMIM,My Nutmeg Pot,ISA,0.2326,24.7274,5.75
15-Sep-22,Purchase,CPJ1,CPJ1,My Nutmeg Pot,ISA,0.0239,134.2607,3.21
15-Sep-22,Purchase,LCJP,LCJP,My Nutmeg Pot,ISA,0.3266,11.2548,3.68
15-Sep-22,Purchase,UKSR,UKSR,My Nutmeg Pot,ISA,0.1918,14.8583,2.85
15-Sep-22,Purchase,VERX,VERX,My Nutmeg Pot,ISA,0.2753,27.7756,7.65
15-Sep-22,Purchase,GSPX,GSPX,My Nutmeg Pot,ISA,2.3859,6.8132,16.26
15-Sep-22,Purchase,XDUS,XDUS,My Nutmeg Pot,ISA,0.2179,96.9672,21.13
15-Sep-22,Purchase,ISF,ISF,My Nutmeg Pot,ISA,2.2385,7.1461,16
15-Sep-22,Purchase,UC94,UC94,My Nutmeg Pot,ISA,0.036,18.7368,0.67
15-Sep-22,Purchase,LCJG,LCJG,My Nutmeg Pot,ISA,0.2347,12.2607,2.88
15-Sep-22,Purchase,ISJP,ISJP,My Nutmeg Pot,ISA,0.0388,29.5917,1.15
15-Sep-22,Purchase,VMID,VMID,My Nutmeg Pot,ISA,0.105,29.1356,3.06
15-Sep-22,Purchase,CES1,CES1,My Nutmeg Pot,ISA,0.0048,197.824,0.95
15-Sep-22,Purchase,UC87,UC87,My Nutmeg Pot,ISA,0.1541,17.2505,2.66
15-Sep-22,Purchase,UC79,UC79,My Nutmeg Pot,ISA,0.2959,10.4706,3.1
14-Sep-22,Dividend,CASH,GSPX,My Nutmeg Pot,ISA,0,0,12.46
08-Sep-22,Purchase,ISF,ISF,My Nutmeg Pot,ISA,1.3755,7.1592,9.85
08-Sep-22,Purchase,SRIW,SRIW,My Nutmeg Pot,ISA,0.5595,12.7121,7.11
08-Sep-22,Purchase,GSPX,GSPX,My Nutmeg Pot,ISA,1.4561,6.8667,10
08-Sep-22,Purchase,EMIM,EMIM,My Nutmeg Pot,ISA,0.1437,24.6689,3.54
08-Sep-22,Purchase,VMID,VMID,My Nutmeg Pot,ISA,0.0645,29.2506,1.89
08-Sep-22,Purchase,VERX,VERX,My Nutmeg Pot,ISA,0.1722,27.4155,4.72
08-Sep-22,Purchase,CUS1,CUS1,My Nutmeg Pot,ISA,0.0088,368.3389,3.24
08-Sep-22,Purchase,LCJP,LCJP,My Nutmeg Pot,ISA,0.2018,11.2315,2.27
08-Sep-22,Purchase,CEUG,CEUG,My Nutmeg Pot,ISA,0.5331,5.0831,2.71
08-Sep-22,Purchase,XDUS,XDUS,My Nutmeg Pot,ISA,0.1337,97.4035,13.02
08-Sep-22,Purchase,UC87,UC87,My Nutmeg Pot,ISA,0.0971,16.8305,1.63
08-Sep-22,Purchase,UC94,UC94,My Nutmeg Pot,ISA,0.0221,18.7762,0.41
08-Sep-22,Purchase,CPJ1,CPJ1,My Nutmeg Pot,ISA,0.0148,133.736,1.98
08-Sep-22,Purchase,UKSR,UKSR,My Nutmeg Pot,ISA,0.1188,14.7763,1.76
08-Sep-22,Purchase,LCJG,LCJG,My Nutmeg Pot,ISA,0.1444,12.285,1.77
08-Sep-22,Purchase,ISJP,ISJP,My Nutmeg Pot,ISA,0.0242,29.2764,0.71
08-Sep-22,Purchase,CES1,CES1,My Nutmeg Pot,ISA,0.003,196.1839,0.59
08-Sep-22,Purchase,UC79,UC79,My Nutmeg Pot,ISA,0.1818,10.5019,1.91
01-Sep-22,Fee,CASH,N/A,My Nutmeg Pot,ISA,0,0,4.86
01-Sep-22,Purchase,EMIM,EMIM,My Nutmeg Pot,ISA,0.7558,25.0021,18.9
01-Sep-22,Purchase,LCJG,LCJG,My Nutmeg Pot,ISA,0.7781,12.1543,9.46
01-Sep-22,Purchase,VMID,VMID,My Nutmeg Pot,ISA,0.346,29.0506,10.05
01-Sep-22,Purchase,UC87,UC87,My Nutmeg Pot,ISA,0.5204,16.7891,8.74
01-Sep-22,Purchase,UC94,UC94,My Nutmeg Pot,ISA,0.1185,18.7402,2.22
01-Sep-22,Purchase,CPJ1,CPJ1,My Nutmeg Pot,ISA,0.078,134.8859,10.52
01-Sep-22,Purchase,ISJP,ISJP,My Nutmeg Pot,ISA,0.1257,30.0559,3.78
01-Sep-22,Purchase,LCJP,LCJP,My Nutmeg Pot,ISA,1.0567,11.4314,12.08
01-Sep-22,Purchase,GSPX,GSPX,My Nutmeg Pot,ISA,7.8691,6.7966,53.48
01-Sep-22,Purchase,SRIW,SRIW,My Nutmeg Pot,ISA,3.0161,12.5877,37.97
01-Sep-22,Purchase,VERX,VERX,My Nutmeg Pot,ISA,0.9257,27.1655,25.15
01-Sep-22,Purchase,ISF,ISF,My Nutmeg Pot,ISA,7.3991,7.1051,52.57
01-Sep-22,Purchase,XDUS,XDUS,My Nutmeg Pot,ISA,0.7231,96.2217,69.58
01-Sep-22,Purchase,UKSR,UKSR,My Nutmeg Pot,ISA,0.638,14.6483,9.35
01-Sep-22,Purchase,CEUG,CEUG,My Nutmeg Pot,ISA,2.8598,5.0461,14.43
01-Sep-22,Purchase,CUS1,CUS1,My Nutmeg Pot,ISA,0.0472,366.2,17.28
01-Sep-22,Purchase,CES1,CES1,My Nutmeg Pot,ISA,0.016,194.6039,3.11
01-Sep-22,Purchase,UC79,UC79,My Nutmeg Pot,ISA,0.9592,10.6234,10.19
30-Aug-22,Dividend,CASH,UC94,My Nutmeg Pot,ISA,0,0,1.15
30-Aug-22,Dividend,CASH,UKSR,My Nutmeg Pot,ISA,0,0,5.59
30-Aug-22,Dividend,CASH,CEUG,My Nutmeg Pot,ISA,0,0,11.51
30-Aug-22,Purchase,LCJP,LCJP,My Nutmeg Pot,ISA,0.3202,11.624,3.72
30-Aug-22,Purchase,ISF,ISF,My Nutmeg Pot,ISA,2.2048,7.34,16.18
30-Aug-22,Purchase,UC79,UC79,My Nutmeg Pot,ISA,0.2901,10.7582,3.12
30-Aug-22,Purchase,UKSR,UKSR,My Nutmeg Pot,ISA,0.1897,15.1777,2.88
30-Aug-22,Purchase,GSPX,GSPX,My Nutmeg Pot,ISA,2.3403,7.02,16.43
30-Aug-22,Purchase,VMID,VMID,My Nutmeg Pot,ISA,0.1034,29.9406,3.1
30-Aug-22,Purchase,VERX,VERX,My Nutmeg Pot,ISA,0.2783,27.8406,7.75
30-Aug-22,Purchase,EMIM,EMIM,My Nutmeg Pot,ISA,0.2301,25.252,5.81
30-Aug-22,Purchase,UC94,UC94,My Nutmeg Pot,ISA,0.0356,19.1368,0.68
30-Aug-22,Purchase,CES1,CES1,My Nutmeg Pot,ISA,0.0048,199.416,0.96
30-Aug-22,Purchase,CPJ1,CPJ1,My Nutmeg Pot,ISA,0.0237,137.0927,3.25
30-Aug-22,Purchase,XDUS,XDUS,My Nutmeg Pot,ISA,0.2185,97.78,21.36
30-Aug-22,Purchase,SRIW,SRIW,My Nutmeg Pot,ISA,0.9101,12.83,11.68
30-Aug-22,Purchase,CUS1,CUS1,My Nutmeg Pot,ISA,0.0143,372.6776,5.33
30-Aug-22,Purchase,CEUG,CEUG,My Nutmeg Pot,ISA,0.8471,5.2461,4.44
30-Aug-22,Purchase,LCJG,LCJG,My Nutmeg Pot,ISA,0.2341,12.4253,2.91
30-Aug-22,Purchase,ISJP,ISJP,My Nutmeg Pot,ISA,0.0383,30.351,1.16
30-Aug-22,Purchase,UC87,UC87,My Nutmeg Pot,ISA,0.1543,17.3533,2.68
17-Aug-22,Dividend,CASH,UC79,My Nutmeg Pot,ISA,0,0,3.3
17-Aug-22,Dividend,CASH,SRIW,My Nutmeg Pot,ISA,0,0,10.75
04-Aug-22,Purchase,EMIM,EMIM,My Nutmeg Pot,ISA,0.6215,24.2972,15.1
04-Aug-22,Purchase,LCJP,LCJP,My Nutmeg Pot,ISA,0.8468,11.4416,9.69
04-Aug-22,Purchase,ISJP,ISJP,My Nutmeg Pot,ISA,0.1015,29.8079,3.03
04-Aug-22,Purchase,UC79,UC79,My Nutmeg Pot,ISA,0.7624,10.6745,8.14
04-Aug-22,Purchase,LCJG,LCJG,My Nutmeg Pot,ISA,0.6196,12.1548,7.53
04-Aug-22,Purchase,UC87,UC87,My Nutmeg Pot,ISA,0.406,17.1343,6.96
04-Aug-22,Purchase,CUS1,CUS1,My Nutmeg Pot,ISA,0.0378,365.4861,13.82
04-Aug-22,Purchase,UC94,UC94,My Nutmeg Pot,ISA,0.0901,19.6746,1.77
04-Aug-22,Purchase,VMID,VMID,My Nutmeg Pot,ISA,0.2577,31.2006,8.04
04-Aug-22,Purchase,UKSR,UKSR,My Nutmeg Pot,ISA,0.4739,15.8003,7.49
04-Aug-22,Purchase,SRIW,SRIW,My Nutmeg Pot,ISA,2.3428,12.9439,30.32
04-Aug-22,Purchase,CEUG,CEUG,My Nutmeg Pot,ISA,2.063,5.5741,11.5
04-Aug-22,Purchase,CES1,CES1,My Nutmeg Pot,ISA,0.0121,205.0541,2.48
04-Aug-22,Purchase,XDUS,XDUS,My Nutmeg Pot,ISA,0.5716,97.07,55.49
04-Aug-22,Purchase,ISF,ISF,My Nutmeg Pot,ISA,5.73,7.339,42.05
04-Aug-22,Purchase,VERX,VERX,My Nutmeg Pot,ISA,0.7056,28.4456,20.07
04-Aug-22,Purchase,CPJ1,CPJ1,My Nutmeg Pot,ISA,0.0628,134.0556,8.42
04-Aug-22,Purchase,GSPX,GSPX,My Nutmeg Pot,ISA,5.8829,7.245,42.62
03-Aug-22,Dividend,CASH,ISJP,My Nutmeg Pot,ISA,0,0,1.51
01-Aug-22,Fee,CASH,N/A,My Nutmeg Pot,ISA,0,0,4.5
11-Jul-22,Purchase,CPJ1,CPJ1,My Nutmeg Pot,ISA,0.0082,129.4823,1.06
11-Jul-22,Purchase,VMID,VMID,My Nutmeg Pot,ISA,0.0349,29.1301,1.02
11-Jul-22,Purchase,ISF,ISF,My Nutmeg Pot,ISA,0.7566,7.011,5.3
11-Jul-22,Purchase,GSPX,GSPX,My Nutmeg Pot,ISA,0.7976,6.755,5.39
11-Jul-22,Purchase,UC87,UC87,My Nutmeg Pot,ISA,0.053,16.6214,0.88
11-Jul-22,Purchase,ISJP,ISJP,My Nutmeg Pot,ISA,0.013,29.334,0.38
11-Jul-22,Purchase,CEUG,CEUG,My Nutmeg Pot,ISA,0.2794,5.217,1.46
11-Jul-22,Purchase,LCJG,LCJG,My Nutmeg Pot,ISA,0.0794,12.01,0.95
11-Jul-22,Purchase,XDUS,XDUS,My Nutmeg Pot,ISA,0.0768,91.5044,7.03
11-Jul-22,Purchase,LCJP,LCJP,My Nutmeg Pot,ISA,0.1093,11.1718,1.22
11-Jul-22,Purchase,EMIM,EMIM,My Nutmeg Pot,ISA,0.0792,24.1043,1.91
11-Jul-22,Purchase,VERX,VERX,My Nutmeg Pot,ISA,0.0944,26.9301,2.54
11-Jul-22,Purchase,SRIW,SRIW,My Nutmeg Pot,ISA,0.3139,12.2297,3.84
11-Jul-22,Purchase,UC94,UC94,My Nutmeg Pot,ISA,0.0115,19.5514,0.22
11-Jul-22,Purchase,UKSR,UKSR,My Nutmeg Pot,ISA,0.0615,15.3499,0.94
11-Jul-22,Purchase,CUS1,CUS1,My Nutmeg Pot,ISA,0.0052,339.8527,1.77
11-Jul-22,Purchase,CES1,CES1,My Nutmeg Pot,ISA,0.0016,196.621,0.31
11-Jul-22,Purchase,UC79,UC79,My Nutmeg Pot,ISA,0.0974,10.5576,1.03
08-Jul-22,Dividend,CASH,VMID,My Nutmeg Pot,ISA,0,0,6.23
08-Jul-22,Dividend,CASH,VUKE,My Nutmeg Pot,ISA,0,0,21.66
08-Jul-22,Dividend,CASH,ISF,My Nutmeg Pot,ISA,0,0,10.07
07-Jul-22,Purchase,UC94,UC94,My Nutmeg Pot,ISA,0.092,19.4839,1.79
07-Jul-22,Purchase,CES1,CES1,My Nutmeg Pot,ISA,0.0129,194.5639,2.51
07-Jul-22,Purchase,ISJP,ISJP,My Nutmeg Pot,ISA,0.1049,29.0578,3.05
07-Jul-22,Purchase,SRIW,SRIW,My Nutmeg Pot,ISA,2.5244,12.1435,30.66
07-Jul-22,Purchase,UKSR,UKSR,My Nutmeg Pot,ISA,0.4921,15.3443,7.55
07-Jul-22,Purchase,CPJ1,CPJ1,My Nutmeg Pot,ISA,0.0651,130.6425,8.5
07-Jul-22,Purchase,ISF,ISF,My Nutmeg Pot,ISA,6.0308,7.031,42.4
07-Jul-22,Purchase,EMIM,EMIM,My Nutmeg Pot,ISA,0.6287,24.2624,15.25
07-Jul-22,Purchase,CEUG,CEUG,My Nutmeg Pot,ISA,2.2526,5.1851,11.68
07-Jul-22,Purchase,XDUS,XDUS,My Nutmeg Pot,ISA,0.6186,90.7253,56.12
07-Jul-22,Purchase,VERX,VERX,My Nutmeg Pot,ISA,0.7563,26.8855,20.33
07-Jul-22,Purchase,VMID,VMID,My Nutmeg Pot,ISA,0.2803,28.9856,8.12
07-Jul-22,Purchase,UC79,UC79,My Nutmeg Pot,ISA,0.7668,10.7045,8.21
07-Jul-22,Purchase,GSPX,GSPX,My Nutmeg Pot,ISA,6.4197,6.7206,43.14
07-Jul-22,Purchase,LCJP,LCJP,My Nutmeg Pot,ISA,0.8827,11.052,9.76
07-Jul-22,Purchase,CUS1,CUS1,My Nutmeg Pot,ISA,0.0417,334.7092,13.96
07-Jul-22,Purchase,UC87,UC87,My Nutmeg Pot,ISA,0.4264,16.5214,7.04
07-Jul-22,Purchase,LCJG,LCJG,My Nutmeg Pot,ISA,0.6459,11.8386,7.65
01-Jul-22,Fee,CASH,N/A,My Nutmeg Pot,ISA,0,0,6.51
01-Jul-22,Fee,CASH,N/A,My Nutmeg Pot,General,0,0,0.02
30-Jun-22,Sale,ISF,ISF,My Nutmeg Pot,ISA,0.0142,7.031,0.1
30-Jun-22,Sale,SRIW,SRIW,My Nutmeg Pot,ISA,0.0085,11.7407,0.1
30-Jun-22,Sale,CEUG,CEUG,My Nutmeg Pot,ISA,0.0196,5.1151,0.1
30-Jun-22,Sale,EMIM,EMIM,My Nutmeg Pot,ISA,0.0042,24.0175,0.1
30-Jun-22,Sale,CPJ1,CPJ1,My Nutmeg Pot,ISA,0.0008,127.7086,0.1
30-Jun-22,Sale,XDUS,XDUS,My Nutmeg Pot,ISA,0.0011,87.3135,0.1
30-Jun-22,Sale,ISJP,ISJP,My Nutmeg Pot,ISA,0.0035,28.4764,0.1
30-Jun-22,Sale,UC94,UC94,My Nutmeg Pot,ISA,0.0053,18.8703,0.1
30-Jun-22,Sale,UC87,UC87,My Nutmeg Pot,ISA,0.0061,16.511,0.1
30-Jun-22,Sale,VMID,VMID,My Nutmeg Pot,ISA,0.0035,28.7094,0.1
30-Jun-22,Sale,UC79,UC79,My Nutmeg Pot,ISA,0.0095,10.4923,0.1
30-Jun-22,Sale,GSPX,GSPX,My Nutmeg Pot,ISA,0.0152,6.561,0.1
30-Jun-22,Sale,LCJP,LCJP,My Nutmeg Pot,ISA,0.0093,10.7413,0.1
30-Jun-22,Sale,UKSR,UKSR,My Nutmeg Pot,ISA,0.0066,15.0963,0.1
30-Jun-22,Sale,VERX,VERX,My Nutmeg Pot,ISA,0.0038,26.5905,0.1
30-Jun-22,Sale,LCJG,LCJG,My Nutmeg Pot,ISA,0.0086,11.6819,0.1
28-Jun-22,Dividend,CASH,SRUG,My Nutmeg Pot,ISA,0,0,1.1
27-Jun-22,Sale,UB23,UB23,My Nutmeg Pot,ISA,7.2681,30.7246,223.31
27-Jun-22,Purchase,CEUG,CEUG,My Nutmeg Pot,ISA,84.4456,5.2809,445.95
27-Jun-22,Purchase,LCJP,LCJP,My Nutmeg Pot,ISA,6.3638,10.8489,69.04
27-Jun-22,Sale,CSP1,CSP1,My Nutmeg Pot,ISA,7.4591,328.5211,2450.47
27-Jun-22,Purchase,SRIW,SRIW,My Nutmeg Pot,ISA,97.0123,12.1126,1175.07
27-Jun-22,Purchase,ISJP,ISJP,My Nutmeg Pot,ISA,0.5569,28.4185,15.83
27-Jun-22,Sale,CES1,CES1,My Nutmeg Pot,ISA,0.0611,204.1459,12.47
27-Jun-22,Purchase,UC79,UC79,My Nutmeg Pot,ISA,29.4271,10.7054,315.03
27-Jun-22,Sale,VMID,VMID,My Nutmeg Pot,ISA,3.1867,29.8006,94.97
27-Jun-22,Sale,SRUG,SRUG,My Nutmeg Pot,ISA,10.1859,14.1585,144.22
27-Jun-22,Sale,VUKE,VUKE,My Nutmeg Pot,ISA,42.2266,31.6306,1335.65
27-Jun-22,Purchase,UC87,UC87,My Nutmeg Pot,ISA,3.7904,16.7137,63.35
27-Jun-22,Sale,XDN0,XDN0,My Nutmeg Pot,ISA,7.0271,36.8857,259.2
27-Jun-22,Sale,UB39,UB39,My Nutmeg Pot,ISA,5.3613,84.5739,453.43
27-Jun-22,Purchase,GSPX,GSPX,My Nutmeg Pot,ISA,58.6141,6.8459,401.27
27-Jun-22,Sale,XSFN,XSFN,My Nutmeg Pot,ISA,17.8595,19.1053,341.21
27-Jun-22,Sale,EUSR,EUSR,My Nutmeg Pot,ISA,12.6004,14.4071,181.54
27-Jun-22,Sale,EMIM,EMIM,My Nutmeg Pot,ISA,11.3695,24.403,277.45
27-Jun-22,Purchase,CPJ1,CPJ1,My Nutmeg Pot,ISA,0.6544,128.9881,84.41
27-Jun-22,Sale,SUUS,SUUS,My Nutmeg Pot,ISA,37.5402,9.323,349.99
27-Jun-22,Purchase,CUS1,CUS1,My Nutmeg Pot,ISA,0.0434,332.6726,14.44
27-Jun-22,Purchase,XDUS,XDUS,My Nutmeg Pot,ISA,23.9169,90.068,2154.15
27-Jun-22,Purchase,ISF,ISF,My Nutmeg Pot,ISA,103.9387,7.0881,736.73
27-Jun-22,Sale,AWSG,AWSG,My Nutmeg Pot,ISA,26.7684,12.1253,324.57
27-Jun-22,Purchase,VERX,VERX,My Nutmeg Pot,ISA,28.4905,27.3545,779.34
27-Jun-22,Purchase,LCJG,LCJG,My Nutmeg Pot,ISA,2.6349,11.8563,31.24
27-Jun-22,Sale,UC94,UC94,My Nutmeg Pot,ISA,6.2649,19.2785,120.78
27-Jun-22,Purchase,UKSR,UKSR,My Nutmeg Pot,ISA,18.8051,15.3883,289.38
20-Jun-22,Purchase,CES1,CES1,My Nutmeg Pot,ISA,0.0107,202.7959,2.17
20-Jun-22,Purchase,UB39,UB39,My Nutmeg Pot,ISA,0.0909,81.165,7.38
20-Jun-22,Purchase,ISF,ISF,My Nutmeg Pot,ISA,3.4678,6.9329,24.04
20-Jun-22,Purchase,EMIM,EMIM,My Nutmeg Pot,ISA,0.4024,23.7517,9.56
20-Jun-22,Purchase,LCJP,LCJP,My Nutmeg Pot,ISA,0.3118,10.5473,3.29
20-Jun-22,Purchase,ISJP,ISJP,My Nutmeg Pot,ISA,0.0477,27.5357,1.31
20-Jun-22,Purchase,AWSG,AWSG,My Nutmeg Pot,ISA,0.3727,11.4982,4.29
20-Jun-22,Purchase,VMID,VMID,My Nutmeg Pot,ISA,0.3754,29.2344,10.97
20-Jun-22,Purchase,EUSR,EUSR,My Nutmeg Pot,ISA,0.1937,13.8589,2.68
20-Jun-22,Purchase,UC87,UC87,My Nutmeg Pot,ISA,0.1595,16.6466,2.66
20-Jun-22,Purchase,XSFN,XSFN,My Nutmeg Pot,ISA,0.2574,18.2069,4.69
20-Jun-22,Purchase,CPJ1,CPJ1,My Nutmeg Pot,ISA,0.0205,125.1598,2.57
20-Jun-22,Purchase,SRUG,SRUG,My Nutmeg Pot,ISA,0.1478,13.2496,1.96
20-Jun-22,Purchase,UB23,UB23,My Nutmeg Pot,ISA,0.0866,30.3367,2.63
20-Jun-22,Purchase,GSPX,GSPX,My Nutmeg Pot,ISA,2.5461,6.4339,16.38
20-Jun-22,Purchase,CSP1,CSP1,My Nutmeg Pot,ISA,0.1025,309.3314,31.71
20-Jun-22,Purchase,UC94,UC94,My Nutmeg Pot,ISA,0.26,18.4667,4.8
20-Jun-22,Purchase,LCJG,LCJG,My Nutmeg Pot,ISA,0.4215,11.4944,4.84
20-Jun-22,Purchase,CUS1,CUS1,My Nutmeg Pot,ISA,0.0223,315.9534,7.05
20-Jun-22,Purchase,SUUS,SUUS,My Nutmeg Pot,ISA,0.4849,8.7873,4.26
20-Jun-22,Purchase,VUKE,VUKE,My Nutmeg Pot,ISA,1.3386,30.9244,41.4
20-Jun-22,Purchase,XDN0,XDN0,My Nutmeg Pot,ISA,0.1479,36.1593,5.35
17-Jun-22,Interest,CASH,N/A,Unallocated Cash,General,0,0,0.02
17-Jun-22,Interest,CASH,N/A,Unallocated Cash,ISA,0,0,0.03
17-Jun-22,Interest,CASH,N/A,My Nutmeg Pot,ISA,0,0,0.03
16-Jun-22,Sale,VMID,VMID,My Nutmeg Pot,ISA,2.9249,29,84.82
16-Jun-22,Purchase,ISF,ISF,My Nutmeg Pot,ISA,12.5674,6.962,87.49
14-Jun-22,Purchase,UB23,UB23,My Nutmeg Pot,ISA,4.3449,32.075,139.36
14-Jun-22,Purchase,XSFN,XSFN,My Nutmeg Pot,ISA,0.1226,18.689,2.29
14-Jun-22,Purchase,EUSR,EUSR,My Nutmeg Pot,ISA,0.1569,13.928,2.19
14-Jun-22,Purchase,EMIM,EMIM,My Nutmeg Pot,ISA,10.2649,24.46,251.08
14-Jun-22,Purchase,GSPX,GSPX,My Nutmeg Pot,ISA,1.5763,6.552,10.33
14-Jun-22,Purchase,UC87,UC87,My Nutmeg Pot,ISA,0.1282,17.2936,2.22
14-Jun-22,Purchase,UB39,UB39,My Nutmeg Pot,ISA,0.0508,81.965,4.16
14-Jun-22,Purchase,VUKE,VUKE,My Nutmeg Pot,ISA,0.4097,31.9256,13.08
14-Jun-22,Purchase,CUS1,CUS1,My Nutmeg Pot,ISA,0.0134,326.9939,4.38
14-Jun-22,Purchase,AWSG,AWSG,My Nutmeg Pot,ISA,0.235,11.703,2.75
14-Jun-22,Purchase,ISJP,ISJP,My Nutmeg Pot,ISA,0.0311,28.5822,0.89
14-Jun-22,Purchase,XDN0,XDN0,My Nutmeg Pot,ISA,0.0857,36.8543,3.16
14-Jun-22,Purchase,CSP1,CSP1,My Nutmeg Pot,ISA,0.0536,319.1637,17.11
14-Jun-22,Purchase,CES1,CES1,My Nutmeg Pot,ISA,0.0044,205.0959,0.9
14-Jun-22,Sale,VMID,VMID,My Nutmeg Pot,ISA,2.7438,29.79,81.74
14-Jun-22,Sale,SRUG,SRUG,My Nutmeg Pot,ISA,6.0043,13.506,81.09
14-Jun-22,Sale,SUUS,SUUS,My Nutmeg Pot,ISA,5.7931,9.078,52.59
14-Jun-22,Purchase,ISF,ISF,My Nutmeg Pot,ISA,18.0515,7.096,128.09
14-Jun-22,Sale,CPJ1,CPJ1,My Nutmeg Pot,ISA,0.844,128.04,108.07
14-Jun-22,Purchase,UC94,UC94,My Nutmeg Pot,ISA,0.1197,19.0841,2.28
14-Jun-22,Sale,LCJP,LCJP,My Nutmeg Pot,ISA,14.9197,10.926,163.01
14-Jun-22,Purchase,LCJG,LCJG,My Nutmeg Pot,ISA,0.213,11.7428,2.5
09-Jun-22,Purchase,LCJP,LCJP,My Nutmeg Pot,ISA,1.1974,11.329,13.57
09-Jun-22,Purchase,UB23,UB23,My Nutmeg Pot,ISA,0.0767,33.5942,2.58
09-Jun-22,Purchase,VUKE,VUKE,My Nutmeg Pot,ISA,1.0399,33.5957,34.94
09-Jun-22,Purchase,CSP1,CSP1,My Nutmeg Pot,ISA,0.1875,339.0271,63.57
09-Jun-22,Purchase,ISF,ISF,My Nutmeg Pot,ISA,2.3239,7.4836,17.39
09-Jun-22,Purchase,AWSG,AWSG,My Nutmeg Pot,ISA,0.6,12.6647,7.6
09-Jun-22,Purchase,SRUG,SRUG,My Nutmeg Pot,ISA,0.3318,14.8784,4.94
09-Jun-22,Purchase,UC87,UC87,My Nutmeg Pot,ISA,0.2852,18.2017,5.19
09-Jun-22,Purchase,CPJ1,CPJ1,My Nutmeg Pot,ISA,0.0652,134.2907,8.76
09-Jun-22,Purchase,UB39,UB39,My Nutmeg Pot,ISA,0.1439,87.7073,12.62
09-Jun-22,Purchase,XSFN,XSFN,My Nutmeg Pot,ISA,0.457,19.9834,9.13
09-Jun-22,Purchase,XDN0,XDN0,My Nutmeg Pot,ISA,0.1859,39.2158,7.29
09-Jun-22,Purchase,SUUS,SUUS,My Nutmeg Pot,ISA,1.0813,9.5835,10.36
09-Jun-22,Purchase,GSPX,GSPX,My Nutmeg Pot,ISA,4.0318,7.233,29.16
09-Jun-22,Purchase,CUS1,CUS1,My Nutmeg Pot,ISA,0.0391,352.0836,13.77
09-Jun-22,Purchase,EMIM,EMIM,My Nutmeg Pot,ISA,0.5328,25.1939,13.42
09-Jun-22,Purchase,EUSR,EUSR,My Nutmeg Pot,ISA,0.293,15.0127,4.4
09-Jun-22,Purchase,ISJP,ISJP,My Nutmeg Pot,ISA,0.0965,29.1921,2.82
09-Jun-22,Purchase,LCJG,LCJG,My Nutmeg Pot,ISA,0.5251,12.4747,6.55
09-Jun-22,Purchase,CES1,CES1,My Nutmeg Pot,ISA,0.0146,222.7045,3.25
09-Jun-22,Purchase,VMID,VMID,My Nutmeg Pot,ISA,0.5042,31.6656,15.97
09-Jun-22,Purchase,UC94,UC94,My Nutmeg Pot,ISA,0.2414,20.2685,4.89
01-Jun-22,Fee,CASH,N/A,My Nutmeg Pot,ISA,0,0,7.03
30-May-22,Purchase,XDN0,XDN0,My Nutmeg Pot,ISA,0.0291,39.4108,1.15
30-May-22,Purchase,CUS1,CUS1,My Nutmeg Pot,ISA,0.0066,351.8314,2.32
30-May-22,Purchase,SUUS,SUUS,My Nutmeg Pot,ISA,0.1839,9.7045,1.78
30-May-22,Purchase,VUKE,VUKE,My Nutmeg Pot,ISA,0.1736,33.7107,5.85
30-May-22,Purchase,SRUG,SRUG,My Nutmeg Pot,ISA,0.0691,15.1929,1.05
30-May-22,Purchase,EUSR,EUSR,My Nutmeg Pot,ISA,0.0527,15.3165,0.81
30-May-22,Purchase,UB23,UB23,My Nutmeg Pot,ISA,0.0122,33.0617,0.4
30-May-22,Purchase,XSFN,XSFN,My Nutmeg Pot,ISA,0.0749,20.4714,1.53
30-May-22,Purchase,EMIM,EMIM,My Nutmeg Pot,ISA,0.1064,24.7835,2.64
30-May-22,Purchase,CPJ1,CPJ1,My Nutmeg Pot,ISA,0.0116,135.4592,1.57
30-May-22,Purchase,UC94,UC94,My Nutmeg Pot,ISA,0.0405,20.819,0.84
30-May-22,Purchase,GSPX,GSPX,My Nutmeg Pot,ISA,0.7682,7.3316,5.63
30-May-22,Purchase,CES1,CES1,My Nutmeg Pot,ISA,0.0023,225.0045,0.52
30-May-22,Purchase,LCJG,LCJG,My Nutmeg Pot,ISA,0.0921,12.1578,1.12
30-May-22,Purchase,CSP1,CSP1,My Nutmeg Pot,ISA,0.0313,340.7921,10.67
30-May-22,Purchase,LCJP,LCJP,My Nutmeg Pot,ISA,0.1831,11.4508,2.1
30-May-22,Purchase,UB39,UB39,My Nutmeg Pot,ISA,0.0223,88.9943,1.98
30-May-22,Purchase,AWSG,AWSG,My Nutmeg Pot,ISA,0.1125,12.8296,1.44
30-May-22,Purchase,VMID,VMID,My Nutmeg Pot,ISA,0.0812,32.0806,2.6
30-May-22,Purchase,ISJP,ISJP,My Nutmeg Pot,ISA,0.0148,29.5289,0.44
30-May-22,Purchase,UC87,UC87,My Nutmeg Pot,ISA,0.0518,18.266,0.95
30-May-22,Purchase,ISF,ISF,My Nutmeg Pot,ISA,0.3925,7.5182,2.95
12-May-22,Purchase,AWSG,AWSG,My Nutmeg Pot,ISA,0.7191,11.9315,8.58
12-May-22,Sale,XDN0,XDN0,My Nutmeg Pot,ISA,0.0242,36.5857,0.89
12-May-22,Purchase,SRUG,SRUG,My Nutmeg Pot,ISA,0.4547,13.9253,6.33
12-May-22,Purchase,SUUS,SUUS,My Nutmeg Pot,ISA,1.2466,9.354,11.66
12-May-22,Purchase,GSPX,GSPX,My Nutmeg Pot,ISA,5.0255,6.8036,34.19
12-May-22,Purchase,CUS1,CUS1,My Nutmeg Pot,ISA,0.0432,327.4994,14.15
12-May-22,Purchase,XSFN,XSFN,My Nutmeg Pot,ISA,0.2067,19.3949,4.01
12-May-22,Purchase,UC87,UC87,My Nutmeg Pot,ISA,0.35,17.2121,6.02
12-May-22,Purchase,EUSR,EUSR,My Nutmeg Pot,ISA,0.3541,14.2568,5.05
12-May-22,Purchase,UB39,UB39,My Nutmeg Pot,ISA,0.1683,83.28,14.02
12-May-22,Purchase,VUKE,VUKE,My Nutmeg Pot,ISA,1.0634,31.8206,33.84
12-May-22,Purchase,ISF,ISF,My Nutmeg Pot,ISA,9.7953,7.0941,69.49
12-May-22,Purchase,UB23,UB23,My Nutmeg Pot,ISA,0.0714,31.3811,2.24
12-May-22,Purchase,EMIM,EMIM,My Nutmeg Pot,ISA,0.7299,23.476,17.14
12-May-22,Purchase,CSP1,CSP1,My Nutmeg Pot,ISA,0.2149,328.02,70.49
12-May-22,Purchase,CPJ1,CPJ1,My Nutmeg Pot,ISA,0.0853,128.0451,10.92
12-May-22,Purchase,LCJP,LCJP,My Nutmeg Pot,ISA,1.1087,11.1067,12.31
12-May-22,Purchase,ISJP,ISJP,My Nutmeg Pot,ISA,0.0949,29.0617,2.76
12-May-22,Sale,VMID,VMID,My Nutmeg Pot,ISA,1.1858,29.9085,35.47
12-May-22,Purchase,LCJG,LCJG,My Nutmeg Pot,ISA,0.5879,11.4738,6.75
12-May-22,Purchase,CES1,CES1,My Nutmeg Pot,ISA,0.0181,207.0041,3.75
12-May-22,Purchase,UC94,UC94,My Nutmeg Pot,ISA,0.2564,20.1266,5.16
10-May-22,Dividend,CASH,XSFN,My Nutmeg Pot,ISA,0,0,5.48
10-May-22,Dividend,CASH,XDN0,My Nutmeg Pot,ISA,0,0,5.67
03-May-22,Fee,CASH,N/A,My Nutmeg Pot,ISA,0,0,6.88
28-Apr-22,Purchase,EUSR,EUSR,My Nutmeg Pot,ISA,0.1033,15.3515,1.59
28-Apr-22,Purchase,ISF,ISF,My Nutmeg Pot,ISA,0.7065,7.3987,5.23
28-Apr-22,Purchase,VUKE,VUKE,My Nutmeg Pot,ISA,0.3417,33.1657,11.33
28-Apr-22,Purchase,VMID,VMID,My Nutmeg Pot,ISA,0.1747,32.1056,5.61
28-Apr-22,Purchase,CUS1,CUS1,My Nutmeg Pot,ISA,0.0129,355.5503,4.59
28-Apr-22,Purchase,UB23,UB23,My Nutmeg Pot,ISA,0.0239,32.959,0.79
28-Apr-22,Purchase,CPJ1,CPJ1,My Nutmeg Pot,ISA,0.0226,135.488,3.06
28-Apr-22,Purchase,UB39,UB39,My Nutmeg Pot,ISA,0.0437,88.2212,3.86
28-Apr-22,Purchase,GSPX,GSPX,My Nutmeg Pot,ISA,1.5089,7.4407,11.23
28-Apr-22,Purchase,ISJP,ISJP,My Nutmeg Pot,ISA,0.0292,29.0742,0.85
28-Apr-22,Purchase,LCJG,LCJG,My Nutmeg Pot,ISA,0.1811,12.1183,2.19
28-Apr-22,Purchase,CSP1,CSP1,My Nutmeg Pot,ISA,0.0614,347.85,21.36
28-Apr-22,Purchase,SUUS,SUUS,My Nutmeg Pot,ISA,0.3608,9.9622,3.59
28-Apr-22,Purchase,AWSG,AWSG,My Nutmeg Pot,ISA,0.2212,13.0721,2.89
28-Apr-22,Purchase,SRUG,SRUG,My Nutmeg Pot,ISA,0.1358,15.4937,2.1
28-Apr-22,Purchase,UC87,UC87,My Nutmeg Pot,ISA,0.1015,18.222,1.85
28-Apr-22,Purchase,LCJP,LCJP,My Nutmeg Pot,ISA,0.3603,11.236,4.05
28-Apr-22,Purchase,UC94,UC94,My Nutmeg Pot,ISA,0.0797,21.5064,1.71
28-Apr-22,Purchase,XDN0,XDN0,My Nutmeg Pot,ISA,0.2656,38.9758,10.35
28-Apr-22,Purchase,EMIM,EMIM,My Nutmeg Pot,ISA,0.2089,24.7049,5.16
28-Apr-22,Purchase,XSFN,XSFN,My Nutmeg Pot,ISA,0.4112,20.4544,8.41
28-Apr-22,Purchase,CES1,CES1,My Nutmeg Pot,ISA,0.0043,219.1544,0.94
13-Apr-22,Dividend,CASH,VMID,My Nutmeg Pot,ISA,0,0,2.42
13-Apr-22,Dividend,CASH,VUKE,My Nutmeg Pot,ISA,0,0,7.31
13-Apr-22,Dividend,CASH,ISF,My Nutmeg Pot,ISA,0,0,3.27
11-Apr-22,Purchase,EMIM,EMIM,My Nutmeg Pot,ISA,0.103,24.9836,2.57
11-Apr-22,Purchase,XSFN,XSFN,My Nutmeg Pot,ISA,0.0728,21.181,1.54
11-Apr-22,Purchase,EUSR,EUSR,My Nutmeg Pot,ISA,0.0572,15.6273,0.89
11-Apr-22,Purchase,UB39,UB39,My Nutmeg Pot,ISA,0.0215,89.4662,1.92
11-Apr-22,Purchase,GSPX,GSPX,My Nutmeg Pot,ISA,0.7446,7.83,5.83
11-Apr-22,Purchase,XDN0,XDN0,My Nutmeg Pot,ISA,0.0282,41.1458,1.16
11-Apr-22,Purchase,UB23,UB23,My Nutmeg Pot,ISA,0.0126,33.6403,0.42
11-Apr-22,Purchase,ISF,ISF,My Nutmeg Pot,ISA,0.3486,7.534,2.63
11-Apr-22,Purchase,SUUS,SUUS,My Nutmeg Pot,ISA,0.178,9.9904,1.78
11-Apr-22,Purchase,CUS1,CUS1,My Nutmeg Pot,ISA,0.0063,352.4923,2.22
11-Apr-22,Purchase,CSP1,CSP1,My Nutmeg Pot,ISA,0.0303,351.1509,10.64
11-Apr-22,Purchase,CPJ1,CPJ1,My Nutmeg Pot,ISA,0.0112,137.4529,1.54
11-Apr-22,Purchase,SRUG,SRUG,My Nutmeg Pot,ISA,0.067,16.4608,1.1
11-Apr-22,Purchase,VUKE,VUKE,My Nutmeg Pot,ISA,0.1686,33.7451,5.69
11-Apr-22,Purchase,UC87,UC87,My Nutmeg Pot,ISA,0.0501,19.0195,0.95
11-Apr-22,Purchase,AWSG,AWSG,My Nutmeg Pot,ISA,0.1091,13.6553,1.49
11-Apr-22,Purchase,LCJG,LCJG,My Nutmeg Pot,ISA,0.0893,12.022,1.07
11-Apr-22,Purchase,ISJP,ISJP,My Nutmeg Pot,ISA,0.0144,28.527,0.41
11-Apr-22,Purchase,CES1,CES1,My Nutmeg Pot,ISA,0.0021,218.4044,0.46
11-Apr-22,Purchase,UC94,UC94,My Nutmeg Pot,ISA,0.0393,22.0396,0.87
11-Apr-22,Purchase,LCJP,LCJP,My Nutmeg Pot,ISA,0.1778,11.1178,1.98
11-Apr-22,Purchase,VMID,VMID,My Nutmeg Pot,ISA,0.0863,32.8396,2.83
07-Apr-22,Purchase,AWSG,AWSG,My Nutmeg Pot,ISA,0.1308,13.75,1.8
07-Apr-22,Purchase,GSPX,GSPX,My Nutmeg Pot,ISA,0.6863,7.856,5.39
07-Apr-22,Purchase,CSP1,CSP1,My Nutmeg Pot,ISA,0.0156,351.15,5.48
07-Apr-22,Purchase,SRUG,SRUG,My Nutmeg Pot,ISA,0.0549,16.5522,0.91
07-Apr-22,Purchase,EMIM,EMIM,My Nutmeg Pot,ISA,0.0565,25.2245,1.43
07-Apr-22,Purchase,SUUS,SUUS,My Nutmeg Pot,ISA,0.1211,9.983,1.21
07-Apr-22,Purchase,ISF,ISF,My Nutmeg Pot,ISA,0.5794,7.4689,4.33
07-Apr-22,Purchase,UC87,UC87,My Nutmeg Pot,ISA,0.0539,19.0349,1.03
07-Apr-22,Purchase,UB39,UB39,My Nutmeg Pot,ISA,0.0096,89.1667,0.86
07-Apr-22,Purchase,CPJ1,CPJ1,My Nutmeg Pot,ISA,0.0068,137.4831,0.93
07-Apr-22,Purchase,VUKE,VUKE,My Nutmeg Pot,ISA,0.2815,33.46,9.42
07-Apr-22,Purchase,XDN0,XDN0,My Nutmeg Pot,ISA,0.0275,40.8358,1.12
07-Apr-22,Purchase,CUS1,CUS1,My Nutmeg Pot,ISA,0.0057,354.6622,2.02
07-Apr-22,Purchase,XSFN,XSFN,My Nutmeg Pot,ISA,0.0885,20.9334,1.85
07-Apr-22,Purchase,UC94,UC94,My Nutmeg Pot,ISA,0.0084,21.7607,0.18
07-Apr-22,Purchase,VMID,VMID,My Nutmeg Pot,ISA,0.0757,32.7998,2.48
07-Apr-22,Purchase,LCJG,LCJG,My Nutmeg Pot,ISA,0.0623,12.0579,0.75
07-Apr-22,Purchase,LCJP,LCJP,My Nutmeg Pot,ISA,0.1052,11.2584,1.18
07-Apr-22,Purchase,ISJP,ISJP,My Nutmeg Pot,ISA,0.0091,28.8786,0.26
07-Apr-22,Purchase,CES1,CES1,My Nutmeg Pot,ISA,0.0007,216.3043,0.15
01-Apr-22,Fee,CASH,N/A,My Nutmeg Pot,ISA,0,0,6.81
31-Mar-22,Purchase,UB23,UB23,My Nutmeg Pot,ISA,0.0233,33.9769,0.79
31-Mar-22,Purchase,EMIM,EMIM,My Nutmeg Pot,ISA,0.2024,25.4179,5.14
31-Mar-22,Purchase,XSFN,XSFN,My Nutmeg Pot,ISA,0.1424,21.8205,3.11
31-Mar-22,Purchase,EUSR,EUSR,My Nutmeg Pot,ISA,0.1003,15.8991,1.59
31-Mar-22,Purchase,LCJP,LCJP,My Nutmeg Pot,ISA,0.3492,11.6996,4.09
31-Mar-22,Purchase,CPJ1,CPJ1,My Nutmeg Pot,ISA,0.0219,138.0652,3.02
31-Mar-22,Purchase,VUKE,VUKE,My Nutmeg Pot,ISA,0.3295,33.37,11
31-Mar-22,Purchase,LCJG,LCJG,My Nutmeg Pot,ISA,0.1754,12.3696,2.17
31-Mar-22,Purchase,UC94,UC94,My Nutmeg Pot,ISA,0.0774,21.5938,1.67
31-Mar-22,Purchase,UC87,UC87,My Nutmeg Pot,ISA,0.0982,19.251,1.89
31-Mar-22,Purchase,SRUG,SRUG,My Nutmeg Pot,ISA,0.1315,17.0784,2.25
31-Mar-22,Purchase,XDN0,XDN0,My Nutmeg Pot,ISA,0.0554,41.0858,2.28
31-Mar-22,Purchase,GSPX,GSPX,My Nutmeg Pot,ISA,1.4602,8.065,11.78
31-Mar-22,Purchase,UB39,UB39,My Nutmeg Pot,ISA,0.0424,92.1827,3.91
31-Mar-22,Purchase,VMID,VMID,My Nutmeg Pot,ISA,0.1692,33.0038,5.58
31-Mar-22,Purchase,SUUS,SUUS,My Nutmeg Pot,ISA,0.3496,10.192,3.56
31-Mar-22,Purchase,AWSG,AWSG,My Nutmeg Pot,ISA,0.2137,14.078,3.01
31-Mar-22,Purchase,CSP1,CSP1,My Nutmeg Pot,ISA,0.0596,359.3,21.41
31-Mar-22,Purchase,ISF,ISF,My Nutmeg Pot,ISA,0.6814,7.443,5.07
31-Mar-22,Purchase,CUS1,CUS1,My Nutmeg Pot,ISA,0.0124,366.4247,4.54
31-Mar-22,Purchase,ISJP,ISJP,My Nutmeg Pot,ISA,0.0283,29.8384,0.84
31-Mar-22,Purchase,CES1,CES1,My Nutmeg Pot,ISA,0.0042,224.1045,0.94
14-Mar-22,Purchase,UB23,UB23,My Nutmeg Pot,ISA,0.0061,32.5815,0.2
14-Mar-22,Purchase,AWSG,AWSG,My Nutmeg Pot,ISA,0.0562,12.929,0.73
14-Mar-22,Purchase,GSPX,GSPX,My Nutmeg Pot,ISA,0.3836,7.4082,2.84
14-Mar-22,Purchase,XDN0,XDN0,My Nutmeg Pot,ISA,0.0145,38.4508,0.56
14-Mar-22,Purchase,XSFN,XSFN,My Nutmeg Pot,ISA,0.0375,20.714,0.78
14-Mar-22,Purchase,SRUG,SRUG,My Nutmeg Pot,ISA,0.0345,15.5982,0.54
14-Mar-22,Purchase,UC87,UC87,My Nutmeg Pot,ISA,0.0299,18.7121,0.56
14-Mar-22,Purchase,CPJ1,CPJ1,My Nutmeg Pot,ISA,0.0058,128.9519,0.75
14-Mar-22,Purchase,VUKE,VUKE,My Nutmeg Pot,ISA,0.0866,31.8106,2.75
14-Mar-22,Purchase,ISF,ISF,My Nutmeg Pot,ISA,0.179,7.1001,1.27
14-Mar-22,Purchase,SUUS,SUUS,My Nutmeg Pot,ISA,0.0968,9.4761,0.92
14-Mar-22,Purchase,EUSR,EUSR,My Nutmeg Pot,ISA,0.0264,15.0957,0.4
14-Mar-22,Purchase,CSP1,CSP1,My Nutmeg Pot,ISA,0.0156,332.6714,5.19
14-Mar-22,Purchase,LCJG,LCJG,My Nutmeg Pot,ISA,0.0461,11.3859,0.52
14-Mar-22,Purchase,EMIM,EMIM,My Nutmeg Pot,ISA,0.0532,23.7471,1.26
14-Mar-22,Purchase,CUS1,CUS1,My Nutmeg Pot,ISA,0.0033,349.4143,1.15
14-Mar-22,Purchase,UB39,UB39,My Nutmeg Pot,ISA,0.0111,86.9883,0.97
14-Mar-22,Purchase,UC94,UC94,My Nutmeg Pot,ISA,0.0203,20.2847,0.41
14-Mar-22,Purchase,VMID,VMID,My Nutmeg Pot,ISA,0.0444,31.7406,1.41
14-Mar-22,Purchase,LCJP,LCJP,My Nutmeg Pot,ISA,0.0917,11.1699,1.02
14-Mar-22,Purchase,CES1,CES1,My Nutmeg Pot,ISA,0.0011,214.1957,0.24
14-Mar-22,Purchase,ISJP,ISJP,My Nutmeg Pot,ISA,0.0075,29.4454,0.22
10-Mar-22,Purchase,CPJ1,CPJ1,My Nutmeg Pot,ISA,0.8207,127.58,104.7
10-Mar-22,Sale,XDN0,XDN0,My Nutmeg Pot,ISA,1.4322,37.28,53.39
10-Mar-22,Purchase,SRUG,SRUG,My Nutmeg Pot,ISA,0.0065,15.688,0.1
10-Mar-22,Purchase,XSFN,XSFN,My Nutmeg Pot,ISA,0.0199,20.25,0.4
10-Mar-22,Purchase,EUSR,EUSR,My Nutmeg Pot,ISA,0.105,14.6911,1.54
10-Mar-22,Purchase,CSP1,CSP1,My Nutmeg Pot,ISA,0.0039,329.3,1.28
10-Mar-22,Purchase,UB23,UB23,My Nutmeg Pot,ISA,2.6104,32.01,83.56
10-Mar-22,Purchase,VUKE,VUKE,My Nutmeg Pot,ISA,0.1623,31.4406,5.1
10-Mar-22,Sale,CUS1,CUS1,My Nutmeg Pot,ISA,0.2397,343.4,82.31
10-Mar-22,Purchase,EMIM,EMIM,My Nutmeg Pot,ISA,0.0554,24.2369,1.34
10-Mar-22,Sale,UC87,UC87,My Nutmeg Pot,ISA,0.0054,18.6193,0.1
10-Mar-22,Purchase,ISJP,ISJP,My Nutmeg Pot,ISA,0.0066,29.4663,0.19
10-Mar-22,Purchase,VMID,VMID,My Nutmeg Pot,ISA,0.2467,30.9706,7.64
10-Mar-22,Purchase,LCJP,LCJP,My Nutmeg Pot,ISA,0.1956,11.2246,2.2
10-Mar-22,Purchase,GSPX,GSPX,My Nutmeg Pot,ISA,0.3334,7.4106,2.47
10-Mar-22,Sale,UB39,UB39,My Nutmeg Pot,ISA,0.5772,84.03,48.5
10-Mar-22,Sale,UC94,UC94,My Nutmeg Pot,ISA,0.0073,20.1104,0.15
10-Mar-22,Purchase,CES1,CES1,My Nutmeg Pot,ISA,0.0016,205.7,0.33
10-Mar-22,Purchase,ISF,ISF,My Nutmeg Pot,ISA,0.338,7.0192,2.37
10-Mar-22,Purchase,LCJG,LCJG,My Nutmeg Pot,ISA,0.0985,11.352,1.12
10-Mar-22,Purchase,AWSG,AWSG,My Nutmeg Pot,ISA,0.0733,12.9596,0.95
09-Mar-22,Dividend,CASH,GSPX,My Nutmeg Pot,ISA,0,0,7.37
07-Mar-22,Purchase,SUUS,SUUS,My Nutmeg Pot,ISA,1.2017,9.559,11.49
07-Mar-22,Purchase,UC87,UC87,My Nutmeg Pot,ISA,0.3103,18.7301,5.81
07-Mar-22,Purchase,VMID,VMID,My Nutmeg Pot,ISA,0.5073,29.5806,15.01
07-Mar-22,Purchase,CUS1,CUS1,My Nutmeg Pot,ISA,0.049,344.7532,16.89
07-Mar-22,Purchase,ISF,ISF,My Nutmeg Pot,ISA,2.1771,6.8341,14.88
07-Mar-22,Purchase,SRUG,SRUG,My Nutmeg Pot,ISA,0.4255,16.0044,6.81
07-Mar-22,Purchase,XSFN,XSFN,My Nutmeg Pot,ISA,0.4456,20.3062,9.05
07-Mar-22,Purchase,CPJ1,CPJ1,My Nutmeg Pot,ISA,0.0508,127.7376,6.49
07-Mar-22,Purchase,CSP1,CSP1,My Nutmeg Pot,ISA,0.1911,333.3645,63.71
07-Mar-22,Purchase,UB39,UB39,My Nutmeg Pot,ISA,0.1525,79.588,12.14
07-Mar-22,Purchase,AWSG,AWSG,My Nutmeg Pot,ISA,0.7381,12.9863,9.59
07-Mar-22,Purchase,EMIM,EMIM,My Nutmeg Pot,ISA,0.7135,24.1268,17.21
07-Mar-22,Purchase,LCJP,LCJP,My Nutmeg Pot,ISA,1.2014,11.1614,13.41
07-Mar-22,Purchase,VUKE,VUKE,My Nutmeg Pot,ISA,0.9179,30.6506,28.13
07-Mar-22,Purchase,XDN0,XDN0,My Nutmeg Pot,ISA,0.2164,35.7807,7.74
07-Mar-22,Purchase,EUSR,EUSR,My Nutmeg Pot,ISA,0.319,14.1182,4.5
07-Mar-22,Purchase,GSPX,GSPX,My Nutmeg Pot,ISA,4.6768,7.5135,35.14
07-Mar-22,Purchase,LCJG,LCJG,My Nutmeg Pot,ISA,0.5544,11.2488,6.24
07-Mar-22,Purchase,CES1,CES1,My Nutmeg Pot,ISA,0.0139,193.3239,2.69
07-Mar-22,Purchase,ISJP,ISJP,My Nutmeg Pot,ISA,0.0918,29.5389,2.71
07-Mar-22,Purchase,UC94,UC94,My Nutmeg Pot,ISA,0.2597,19.3802,5.03
01-Mar-22,Fee,CASH,N/A,My Nutmeg Pot,ISA,0,0,5.98
28-Feb-22,Sale,GSPX,GSPX,My Nutmeg Pot,ISA,13.5786,7.5486,102.5
28-Feb-22,Sale,UB39,UB39,My Nutmeg Pot,ISA,0.5805,87.35,50.71
28-Feb-22,Purchase,CSP1,CSP1,My Nutmeg Pot,ISA,0.1721,329.5381,56.71
28-Feb-22,Sale,EUSR,EUSR,My Nutmeg Pot,ISA,7.054,15.252,107.59
28-Feb-22,Purchase,ISF,ISF,My Nutmeg Pot,ISA,28.8866,7.277,210.21
24-Feb-22,Dividend,CASH,EUSR,My Nutmeg Pot,ISA,0,0,1.39
24-Feb-22,Dividend,CASH,AWSG,My Nutmeg Pot,ISA,0,0,1.57
24-Feb-22,Dividend,CASH,UB39,My Nutmeg Pot,ISA,0,0,2.78
24-Feb-22,Purchase,EUSR,EUSR,My Nutmeg Pot,ISA,0.1785,14.9502,2.67
24-Feb-22,Purchase,UB39,UB39,My Nutmeg Pot,ISA,0.0575,85.274,4.9
24-Feb-22,Purchase,EMIM,EMIM,My Nutmeg Pot,ISA,0.2192,24.5389,5.38
24-Feb-22,Purchase,AWSG,AWSG,My Nutmeg Pot,ISA,0.2315,12.678,2.93
24-Feb-22,Purchase,XDN0,XDN0,My Nutmeg Pot,ISA,0.0741,35.8643,2.66
24-Feb-22,Purchase,SRUG,SRUG,My Nutmeg Pot,ISA,0.1431,15.2655,2.18
24-Feb-22,Purchase,UC87,UC87,My Nutmeg Pot,ISA,0.1069,17.6819,1.89
24-Feb-22,Purchase,CPJ1,CPJ1,My Nutmeg Pot,ISA,0.016,124.2199,1.99
24-Feb-22,Purchase,CUS1,CUS1,My Nutmeg Pot,ISA,0.0159,324.3035,5.16
24-Feb-22,Purchase,GSPX,GSPX,My Nutmeg Pot,ISA,1.7216,7.1937,12.38
24-Feb-22,Purchase,ISF,ISF,My Nutmeg Pot,ISA,0.4501,7.1219,3.21
24-Feb-22,Purchase,SUUS,SUUS,My Nutmeg Pot,ISA,0.3796,9.0193,3.42
24-Feb-22,Purchase,LCJP,LCJP,My Nutmeg Pot,ISA,0.3773,11.2677,4.25
24-Feb-22,Purchase,VUKE,VUKE,My Nutmeg Pot,ISA,0.3584,31.9044,11.43
24-Feb-22,Purchase,XSFN,XSFN,My Nutmeg Pot,ISA,0.1549,20.0358,3.1
24-Feb-22,Purchase,CSP1,CSP1,My Nutmeg Pot,ISA,0.063,313.9919,19.78
24-Feb-22,Purchase,CES1,CES1,My Nutmeg Pot,ISA,0.0045,206.0959,0.93
24-Feb-22,Purchase,LCJG,LCJG,My Nutmeg Pot,ISA,0.19,11.4878,2.18
24-Feb-22,Purchase,VMID,VMID,My Nutmeg Pot,ISA,0.182,31.3244,5.7
24-Feb-22,Purchase,UC94,UC94,My Nutmeg Pot,ISA,0.0842,20.0412,1.69
24-Feb-22,Purchase,ISJP,ISJP,My Nutmeg Pot,ISA,0.0307,29.4463,0.9
07-Feb-22,Purchase,CSP1,CSP1,My Nutmeg Pot,ISA,0.1762,340.5938,60.01
07-Feb-22,Purchase,XDN0,XDN0,My Nutmeg Pot,ISA,0.2071,40.1158,8.31
07-Feb-22,Purchase,SRUG,SRUG,My Nutmeg Pot,ISA,0.3994,16.8602,6.73
07-Feb-22,Purchase,CPJ1,CPJ1,My Nutmeg Pot,ISA,0.0445,125.5035,5.58
07-Feb-22,Purchase,XSFN,XSFN,My Nutmeg Pot,ISA,0.4327,21.7608,9.42
07-Feb-22,Purchase,CUS1,CUS1,My Nutmeg Pot,ISA,0.0443,340.5566,15.09
07-Feb-22,Purchase,EMIM,EMIM,My Nutmeg Pot,ISA,0.6121,26.0751,15.96
07-Feb-22,Purchase,VUKE,VUKE,My Nutmeg Pot,ISA,1.001,33.0507,33.08
07-Feb-22,Purchase,SUUS,SUUS,My Nutmeg Pot,ISA,1.06,9.654,10.23
07-Feb-22,Purchase,ISF,ISF,My Nutmeg Pot,ISA,1.2568,7.3865,9.28
07-Feb-22,Purchase,EUSR,EUSR,My Nutmeg Pot,ISA,0.4988,16.3533,8.16
07-Feb-22,Purchase,UB39,UB39,My Nutmeg Pot,ISA,0.1606,94.9292,15.25
07-Feb-22,Purchase,AWSG,AWSG,My Nutmeg Pot,ISA,0.6463,13.863,8.96
07-Feb-22,Purchase,LCJG,LCJG,My Nutmeg Pot,ISA,0.5307,12.1149,6.43
07-Feb-22,Purchase,VMID,VMID,My Nutmeg Pot,ISA,0.5082,33.8107,17.18
07-Feb-22,Purchase,LCJP,LCJP,My Nutmeg Pot,ISA,1.0536,11.7573,12.39
07-Feb-22,Purchase,UC87,UC87,My Nutmeg Pot,ISA,0.2987,18.5738,5.55
07-Feb-22,Purchase,CES1,CES1,My Nutmeg Pot,ISA,0.0127,226.0045,2.87
07-Feb-22,Purchase,GSPX,GSPX,My Nutmeg Pot,ISA,4.808,7.9179,38.07
07-Feb-22,Purchase,UC94,UC94,My Nutmeg Pot,ISA,0.2349,21.1053,4.96
07-Feb-22,Purchase,ISJP,ISJP,My Nutmeg Pot,ISA,0.0858,30.0466,2.58
02-Feb-22,Dividend,CASH,ISJP,My Nutmeg Pot,ISA,0,0,0.26
01-Feb-22,Fee,CASH,N/A,My Nutmeg Pot,ISA,0,0,3.99
31-Jan-22,Purchase,CUS1,CUS1,My Nutmeg Pot,ISA,0.0152,334.3017,5.08
31-Jan-22,Purchase,AWSG,AWSG,My Nutmeg Pot,ISA,0.2211,13.77,3.04
31-Jan-22,Purchase,CSP1,CSP1,My Nutmeg Pot,ISA,0.0603,336.8867,20.31
31-Jan-22,Purchase,CPJ1,CPJ1,My Nutmeg Pot,ISA,0.0152,122.3521,1.86
31-Jan-22,Purchase,VUKE,VUKE,My Nutmeg Pot,ISA,0.3426,32.6957,11.2
31-Jan-22,Purchase,GSPX,GSPX,My Nutmeg Pot,ISA,1.6453,7.7871,12.81
31-Jan-22,Purchase,UB39,UB39,My Nutmeg Pot,ISA,0.055,94.6873,5.21
31-Jan-22,Purchase,UC94,UC94,My Nutmeg Pot,ISA,0.0804,21.2589,1.71
31-Jan-22,Purchase,VMID,VMID,My Nutmeg Pot,ISA,0.1739,33.7957,5.88
31-Jan-22,Purchase,EMIM,EMIM,My Nutmeg Pot,ISA,0.2095,25.8336,5.41
31-Jan-22,Purchase,ISF,ISF,My Nutmeg Pot,ISA,0.4301,7.2981,3.14
31-Jan-22,Purchase,ISJP,ISJP,My Nutmeg Pot,ISA,0.0294,29.7181,0.87
31-Jan-22,Purchase,CES1,CES1,My Nutmeg Pot,ISA,0.0043,223.6045,0.96
31-Jan-22,Purchase,XSFN,XSFN,My Nutmeg Pot,ISA,0.148,20.9925,3.11
31-Jan-22,Purchase,SRUG,SRUG,My Nutmeg Pot,ISA,0.1367,16.6745,2.28
31-Jan-22,Purchase,UC87,UC87,My Nutmeg Pot,ISA,0.1022,18.0609,1.85
31-Jan-22,Purchase,LCJG,LCJG,My Nutmeg Pot,ISA,0.1815,11.9172,2.16
31-Jan-22,Purchase,LCJP,LCJP,My Nutmeg Pot,ISA,0.3605,11.5793,4.17
31-Jan-22,Purchase,SUUS,SUUS,My Nutmeg Pot,ISA,0.3627,9.5748,3.47
31-Jan-22,Purchase,XDN0,XDN0,My Nutmeg Pot,ISA,0.0708,39.8058,2.82
31-Jan-22,Purchase,EUSR,EUSR,My Nutmeg Pot,ISA,0.1706,16.6221,2.84
27-Jan-22,Purchase,EMIM,EMIM,My Nutmeg Pot,ISA,0.2886,25.5407,7.37
27-Jan-22,Purchase,SUUS,SUUS,My Nutmeg Pot,ISA,0.5165,9.4858,4.9
27-Jan-22,Purchase,XDN0,XDN0,My Nutmeg Pot,ISA,0.1142,39.3558,4.49
27-Jan-22,Purchase,VUKE,VUKE,My Nutmeg Pot,ISA,0.5284,32.7857,17.32
27-Jan-22,Purchase,XSFN,XSFN,My Nutmeg Pot,ISA,0.1677,20.9715,3.52
27-Jan-22,Purchase,SRUG,SRUG,My Nutmeg Pot,ISA,3.1664,16.448,52.08
27-Jan-22,Purchase,CUS1,CUS1,My Nutmeg Pot,ISA,0.017,334.5206,5.69
27-Jan-22,Purchase,EUSR,EUSR,My Nutmeg Pot,ISA,0.2102,16.46,3.46
27-Jan-22,Purchase,CSP1,CSP1,My Nutmeg Pot,ISA,0.0802,329.9496,26.46
27-Jan-22,Purchase,ISF,ISF,My Nutmeg Pot,ISA,0.6731,7.3121,4.92
27-Jan-22,Purchase,UB39,UB39,My Nutmeg Pot,ISA,0.0684,94.1634,6.44
27-Jan-22,Purchase,GSPX,GSPX,My Nutmeg Pot,ISA,2.1241,7.6069,16.16
27-Jan-22,Purchase,CPJ1,CPJ1,My Nutmeg Pot,ISA,0.0219,123.2525,2.7
27-Jan-22,Purchase,AWSG,AWSG,My Nutmeg Pot,ISA,0.3096,13.6199,4.22
27-Jan-22,Purchase,LCJP,LCJP,My Nutmeg Pot,ISA,0.5321,11.4645,6.1
27-Jan-22,Purchase,ISJP,ISJP,My Nutmeg Pot,ISA,0.023,29.3931,0.68
27-Jan-22,Purchase,LCJG,LCJG,My Nutmeg Pot,ISA,0.2564,11.7532,3.01
27-Jan-22,Purchase,UC94,UC94,My Nutmeg Pot,ISA,0.1355,20.9748,2.84
27-Jan-22,Purchase,VMID,VMID,My Nutmeg Pot,ISA,0.232,33.6457,7.81
27-Jan-22,Purchase,UC87,UC87,My Nutmeg Pot,ISA,0.1635,17.9987,2.94
27-Jan-22,Purchase,CES1,CES1,My Nutmeg Pot,ISA,0.0047,223.0545,1.05
20-Jan-22,Purchase,XSFN,XSFN,My Nutmeg Pot,ISA,8.6572,21.1442,183.05
20-Jan-22,Purchase,SUUS,SUUS,My Nutmeg Pot,ISA,21.1459,9.8336,207.94
20-Jan-22,Purchase,VUKE,VUKE,My Nutmeg Pot,ISA,19.9457,33.1657,661.51
20-Jan-22,Purchase,EMIM,EMIM,My Nutmeg Pot,ISA,12.217,26.6934,326.11
20-Jan-22,Purchase,XDN0,XDN0,My Nutmeg Pot,ISA,4.1221,40.9808,168.93
20-Jan-22,Purchase,SRUG,SRUG,My Nutmeg Pot,ISA,6.2091,17.4137,108.12
20-Jan-22,Purchase,EUSR,EUSR,My Nutmeg Pot,ISA,9.9689,17.1587,171.05
20-Jan-22,Purchase,LCJP,LCJP,My Nutmeg Pot,ISA,21.0078,11.8609,249.17
20-Jan-22,Purchase,AWSG,AWSG,My Nutmeg Pot,ISA,12.8962,14.3703,185.32
20-Jan-22,Purchase,CPJ1,CPJ1,My Nutmeg Pot,ISA,0.888,128.7898,114.37
20-Jan-22,Purchase,ISJP,ISJP,My Nutmeg Pot,ISA,1.7235,29.8092,51.38
20-Jan-22,Purchase,CUS1,CUS1,My Nutmeg Pot,ISA,0.8869,348.1697,308.79
20-Jan-22,Purchase,UC94,UC94,My Nutmeg Pot,ISA,4.6749,21.7494,101.68
20-Jan-22,Purchase,CSP1,CSP1,My Nutmeg Pot,ISA,3.5174,341.7768,1202.17
20-Jan-22,Purchase,GSPX,GSPX,My Nutmeg Pot,ISA,96.0459,8.0035,768.7
20-Jan-22,Purchase,VMID,VMID,My Nutmeg Pot,ISA,10.1483,35.1757,356.97
20-Jan-22,Purchase,LCJG,LCJG,My Nutmeg Pot,ISA,10.5869,12.2383,129.57
20-Jan-22,Purchase,UC87,UC87,My Nutmeg Pot,ISA,5.9466,18.5628,110.39
20-Jan-22,Purchase,UB39,UB39,My Nutmeg Pot,ISA,3.2098,97.9947,314.54
20-Jan-22,Purchase,CES1,CES1,My Nutmeg Pot,ISA,0.2537,232.1046,58.88
20-Jan-22,Purchase,ISF,ISF,My Nutmeg Pot,ISA,25.0373,7.4081,185.48
17-Jan-22,Purchase,VUKE,VUKE,My Nutmeg Pot,ISA,0.652,33.2057,21.65
17-Jan-22,Purchase,SRUG,SRUG,My Nutmeg Pot,ISA,0.203,17.8466,3.62
17-Jan-22,Purchase,EMIM,EMIM,My Nutmeg Pot,ISA,0.3994,26.5636,10.61
17-Jan-22,Purchase,XSFN,XSFN,My Nutmeg Pot,ISA,0.283,21.9534,6.21
17-Jan-22,Purchase,EUSR,EUSR,My Nutmeg Pot,ISA,0.3258,17.3263,5.64
17-Jan-22,Purchase,ISF,ISF,My Nutmeg Pot,ISA,0.8184,7.4121,6.07
17-Jan-22,Purchase,CPJ1,CPJ1,My Nutmeg Pot,ISA,0.029,128.0562,3.71
17-Jan-22,Purchase,LCJP,LCJP,My Nutmeg Pot,ISA,0.6868,12.0971,8.31
17-Jan-22,Purchase,VMID,VMID,My Nutmeg Pot,ISA,0.3317,35.4707,11.77
17-Jan-22,Purchase,CUS1,CUS1,My Nutmeg Pot,ISA,0.029,360.1168,10.44
17-Jan-22,Purchase,UB39,UB39,My Nutmeg Pot,ISA,0.1049,99.1721,10.4
17-Jan-22,Purchase,XDN0,XDN0,My Nutmeg Pot,ISA,0.1347,41.4808,5.59
17-Jan-22,Purchase,CSP1,CSP1,My Nutmeg Pot,ISA,0.115,348.897,40.12
17-Jan-22,Purchase,AWSG,AWSG,My Nutmeg Pot,ISA,0.4216,14.6461,6.17
17-Jan-22,Purchase,UC94,UC94,My Nutmeg Pot,ISA,0.1529,21.9793,3.36
17-Jan-22,Purchase,UC87,UC87,My Nutmeg Pot,ISA,0.1944,18.6681,3.63
17-Jan-22,Purchase,SUUS,SUUS,My Nutmeg Pot,ISA,0.6913,10.0149,6.92
17-Jan-22,Purchase,LCJG,LCJG,My Nutmeg Pot,ISA,0.3461,12.5676,4.35
17-Jan-22,Purchase,GSPX,GSPX,My Nutmeg Pot,ISA,3.1397,8.2067,25.77
17-Jan-22,Purchase,ISJP,ISJP,My Nutmeg Pot,ISA,0.0656,30.6567,2.01
17-Jan-22,Purchase,CES1,CES1,My Nutmeg Pot,ISA,0.0083,235.6047,1.96
13-Jan-22,Purchase,SRUG,SRUG,My Nutmeg Pot,ISA,0.1017,18.1808,1.85
13-Jan-22,Purchase,VUKE,VUKE,My Nutmeg Pot,ISA,0.3267,33.0107,10.78
13-Jan-22,Purchase,XDN0,XDN0,My Nutmeg Pot,ISA,0.0675,42.4458,2.87
13-Jan-22,Purchase,EMIM,EMIM,My Nutmeg Pot,ISA,0.2001,26.6705,5.34
13-Jan-22,Purchase,EUSR,EUSR,My Nutmeg Pot,ISA,0.1633,17.3978,2.84
13-Jan-22,Purchase,XSFN,XSFN,My Nutmeg Pot,ISA,0.1418,22.1009,3.13
13-Jan-22,Purchase,LCJP,LCJP,My Nutmeg Pot,ISA,0.3441,12.122,4.17
13-Jan-22,Purchase,CPJ1,CPJ1,My Nutmeg Pot,ISA,0.0146,128.7551,1.88
13-Jan-22,Purchase,CES1,CES1,My Nutmeg Pot,ISA,0.0041,235.8047,0.97
13-Jan-22,Purchase,VMID,VMID,My Nutmeg Pot,ISA,0.1662,35.6407,5.92
13-Jan-22,Purchase,UC87,UC87,My Nutmeg Pot,ISA,0.0974,18.6578,1.82
13-Jan-22,Purchase,LCJG,LCJG,My Nutmeg Pot,ISA,0.1734,12.657,2.19
13-Jan-22,Purchase,ISF,ISF,My Nutmeg Pot,ISA,0.4101,7.3658,3.02
13-Jan-22,Purchase,AWSG,AWSG,My Nutmeg Pot,ISA,0.2112,14.8304,3.13
13-Jan-22,Purchase,GSPX,GSPX,My Nutmeg Pot,ISA,1.5732,8.3008,13.06
13-Jan-22,Purchase,ISJP,ISJP,My Nutmeg Pot,ISA,0.028,30.7813,0.86
13-Jan-22,Purchase,SUUS,SUUS,My Nutmeg Pot,ISA,0.3464,10.1031,3.5
13-Jan-22,Purchase,UC94,UC94,My Nutmeg Pot,ISA,0.0765,22.0198,1.68
13-Jan-22,Purchase,UB39,UB39,My Nutmeg Pot,ISA,0.0526,99.5483,5.24
13-Jan-22,Purchase,CSP1,CSP1,My Nutmeg Pot,ISA,0.0576,351.1522,20.23
13-Jan-22,Purchase,CUS1,CUS1,My Nutmeg Pot,ISA,0.0146,360.0931,5.26
10-Jan-22,Purchase,EUSR,EUSR,My Nutmeg Pot,ISA,0.1634,17.2383,2.82
10-Jan-22,Purchase,XSFN,XSFN,My Nutmeg Pot,ISA,0.1419,22.236,3.16
10-Jan-22,Purchase,SRUG,SRUG,My Nutmeg Pot,ISA,0.1017,17.7869,1.81
10-Jan-22,Purchase,XDN0,XDN0,My Nutmeg Pot,ISA,0.0676,41.8758,2.83
10-Jan-22,Purchase,EMIM,EMIM,My Nutmeg Pot,ISA,0.2002,26.1798,5.24
10-Jan-22,Purchase,VUKE,VUKE,My Nutmeg Pot,ISA,0.3268,32.6316,10.66
10-Jan-22,Purchase,ISF,ISF,My Nutmeg Pot,ISA,0.4103,7.286,2.99
10-Jan-22,Purchase,UB39,UB39,My Nutmeg Pot,ISA,0.0526,98.5791,5.19
10-Jan-22,Purchase,CUS1,CUS1,My Nutmeg Pot,ISA,0.0145,361.7195,5.24
10-Jan-22,Purchase,SUUS,SUUS,My Nutmeg Pot,ISA,0.3465,10.096,3.5
10-Jan-22,Purchase,GSPX,GSPX,My Nutmeg Pot,ISA,1.5738,8.163,12.85
10-Jan-22,Purchase,CPJ1,CPJ1,My Nutmeg Pot,ISA,0.0145,127.1976,1.84
10-Jan-22,Purchase,CSP1,CSP1,My Nutmeg Pot,ISA,0.0577,349.7,20.18
10-Jan-22,Purchase,UC87,UC87,My Nutmeg Pot,ISA,0.0975,18.2746,1.78
10-Jan-22,Purchase,LCJP,LCJP,My Nutmeg Pot,ISA,0.3442,12.0913,4.16
10-Jan-22,Purchase,ISJP,ISJP,My Nutmeg Pot,ISA,0.0279,30.8931,0.86
10-Jan-22,Purchase,CES1,CES1,My Nutmeg Pot,ISA,0.0042,231.8546,0.97
10-Jan-22,Purchase,AWSG,AWSG,My Nutmeg Pot,ISA,0.2113,14.552,3.07
10-Jan-22,Purchase,LCJG,LCJG,My Nutmeg Pot,ISA,0.1735,12.5396,2.18
10-Jan-22,Purchase,UC94,UC94,My Nutmeg Pot,ISA,0.0766,22.0901,1.69
10-Jan-22,Purchase,VMID,VMID,My Nutmeg Pot,ISA,0.1663,35.8607,5.96
06-Jan-22,Purchase,UB39,UB39,My Nutmeg Pot,ISA,0.0533,100.3842,5.35
06-Jan-22,Purchase,XSFN,XSFN,My Nutmeg Pot,ISA,0.1437,21.9369,3.15
06-Jan-22,Purchase,EMIM,EMIM,My Nutmeg Pot,ISA,0.2028,25.9271,5.26
06-Jan-22,Purchase,ISF,ISF,My Nutmeg Pot,ISA,0.3148,7.2821,2.29
06-Jan-22,Purchase,SRUG,SRUG,My Nutmeg Pot,ISA,0.1031,18.0824,1.86
06-Jan-22,Purchase,XDN0,XDN0,My Nutmeg Pot,ISA,0.0684,42.7609,2.92
06-Jan-22,Purchase,CPJ1,CPJ1,My Nutmeg Pot,ISA,0.0147,127.455,1.87
06-Jan-22,Purchase,EUSR,EUSR,My Nutmeg Pot,ISA,0.1654,17.5253,2.9
06-Jan-22,Purchase,CUS1,CUS1,My Nutmeg Pot,ISA,0.0147,366.3001,5.38
06-Jan-22,Purchase,UC87,UC87,My Nutmeg Pot,ISA,0.0987,18.2751,1.8
06-Jan-22,Purchase,VUKE,VUKE,My Nutmeg Pot,ISA,0.3311,32.6457,10.81
06-Jan-22,Purchase,GSPX,GSPX,My Nutmeg Pot,ISA,1.5941,8.2458,13.14
06-Jan-22,Purchase,CSP1,CSP1,My Nutmeg Pot,ISA,0.0584,354.2379,20.69
06-Jan-22,Purchase,SUUS,SUUS,My Nutmeg Pot,ISA,0.3509,10.2303,3.59
06-Jan-22,Purchase,UC94,UC94,My Nutmeg Pot,ISA,0.0776,22.3493,1.73
06-Jan-22,Purchase,VMID,VMID,My Nutmeg Pot,ISA,0.1685,36.3757,6.13
06-Jan-22,Purchase,CES1,CES1,My Nutmeg Pot,ISA,0.0042,235.7547,0.99
06-Jan-22,Purchase,LCJP,LCJP,My Nutmeg Pot,ISA,0.3487,12.204,4.26
06-Jan-22,Purchase,AWSG,AWSG,My Nutmeg Pot,ISA,0.2141,14.7422,3.16
06-Jan-22,Purchase,ISJP,ISJP,My Nutmeg Pot,ISA,0.0284,31.1511,0.88
06-Jan-22,Purchase,LCJG,LCJG,My Nutmeg Pot,ISA,0.1757,12.6973,2.23
05-Jan-22,Dividend,CASH,ISF,My Nutmeg Pot,ISA,0,0,0.63
04-Jan-22,Fee,CASH,N/A,My Nutmeg Pot,ISA,0,0,2.07
30-Dec-21,Dividend,CASH,VMID,My Nutmeg Pot,ISA,0,0,1.01
30-Dec-21,Dividend,CASH,VUKE,My Nutmeg Pot,ISA,0,0,1.67
30-Dec-21,Purchase,AWSG,AWSG,My Nutmeg Pot,ISA,0.2142,15.1329,3.24
30-Dec-21,Purchase,SRUG,SRUG,My Nutmeg Pot,ISA,0.1031,18.7372,1.93
30-Dec-21,Purchase,UC87,UC87,My Nutmeg Pot,ISA,0.0988,18.5558,1.83
30-Dec-21,Purchase,ISJP,ISJP,My Nutmeg Pot,ISA,0.0284,31.7741,0.9
30-Dec-21,Purchase,GSPX,GSPX,My Nutmeg Pot,ISA,1.5959,8.4199,13.44
30-Dec-21,Purchase,CUS1,CUS1,My Nutmeg Pot,ISA,0.0147,374.2383,5.5
30-Dec-21,Purchase,CSP1,CSP1,My Nutmeg Pot,ISA,0.0584,363.3664,21.22
30-Dec-21,Purchase,UC94,UC94,My Nutmeg Pot,ISA,0.0777,22.6949,1.76
30-Dec-21,Purchase,UB39,UB39,My Nutmeg Pot,ISA,0.0533,101.429,5.41
30-Dec-21,Purchase,LCJP,LCJP,My Nutmeg Pot,ISA,0.3491,12.276,4.29
30-Dec-21,Purchase,EMIM,EMIM,My Nutmeg Pot,ISA,0.203,26.1005,5.3
30-Dec-21,Purchase,LCJG,LCJG,My Nutmeg Pot,ISA,0.1759,12.6288,2.22
30-Dec-21,Purchase,VUKE,VUKE,My Nutmeg Pot,ISA,0.2729,32.4006,8.84
30-Dec-21,Purchase,CPJ1,CPJ1,My Nutmeg Pot,ISA,0.0148,130.0502,1.92
30-Dec-21,Purchase,EUSR,EUSR,My Nutmeg Pot,ISA,0.1657,17.6186,2.92
30-Dec-21,Purchase,XDN0,XDN0,My Nutmeg Pot,ISA,0.0685,43.9059,3.01
30-Dec-21,Purchase,ISF,ISF,My Nutmeg Pot,ISA,0.4179,7.231,3.02
30-Dec-21,Purchase,VMID,VMID,My Nutmeg Pot,ISA,0.1369,36.3357,4.97
30-Dec-21,Purchase,SUUS,SUUS,My Nutmeg Pot,ISA,0.3514,10.4777,3.68
30-Dec-21,Purchase,XSFN,XSFN,My Nutmeg Pot,ISA,0.1438,21.3931,3.08
30-Dec-21,Purchase,CES1,CES1,My Nutmeg Pot,ISA,0.0042,235.1547,0.99
23-Dec-21,Purchase,XDN0,XDN0,My Nutmeg Pot,ISA,0.2653,43.0959,11.43
23-Dec-21,Purchase,EUSR,EUSR,My Nutmeg Pot,ISA,0.6166,17.3697,10.71
23-Dec-21,Purchase,SRUG,SRUG,My Nutmeg Pot,ISA,0.3969,18.2987,7.26
23-Dec-21,Purchase,XSFN,XSFN,My Nutmeg Pot,ISA,0.5446,21.2691,11.58
23-Dec-21,Purchase,EMIM,EMIM,My Nutmeg Pot,ISA,0.7864,26.1823,20.59
23-Dec-21,Purchase,VUKE,VUKE,My Nutmeg Pot,ISA,1.3448,32.1606,43.25
23-Dec-21,Purchase,GSPX,GSPX,My Nutmeg Pot,ISA,6.1624,8.2577,50.89
23-Dec-21,Purchase,UC94,UC94,My Nutmeg Pot,ISA,0.2905,22.3143,6.48
23-Dec-21,Purchase,AWSG,AWSG,My Nutmeg Pot,ISA,0.8301,14.8282,12.31
23-Dec-21,Purchase,CES1,CES1,My Nutmeg Pot,ISA,0.0159,233.1047,3.71
23-Dec-21,Purchase,UC87,UC87,My Nutmeg Pot,ISA,0.3822,18.3548,7.02
23-Dec-21,Purchase,SUUS,SUUS,My Nutmeg Pot,ISA,1.3547,10.2621,13.9
23-Dec-21,Purchase,ISJP,ISJP,My Nutmeg Pot,ISA,0.1111,31.739,3.53
23-Dec-21,Purchase,LCJG,LCJG,My Nutmeg Pot,ISA,0.6695,12.5516,8.4
23-Dec-21,Purchase,CSP1,CSP1,My Nutmeg Pot,ISA,0.2276,357.7599,81.43
23-Dec-21,Purchase,CUS1,CUS1,My Nutmeg Pot,ISA,0.056,372.1186,20.84
23-Dec-21,Purchase,VMID,VMID,My Nutmeg Pot,ISA,0.7028,35.9857,25.29
23-Dec-21,Purchase,CPJ1,CPJ1,My Nutmeg Pot,ISA,0.0569,128.6498,7.32
23-Dec-21,Purchase,LCJP,LCJP,My Nutmeg Pot,ISA,1.3558,12.3308,16.72
23-Dec-21,Purchase,UB39,UB39,My Nutmeg Pot,ISA,0.1992,100.4952,20.02
23-Dec-21,Purchase,ISF,ISF,My Nutmeg Pot,ISA,1.7359,7.1711,12.45
20-Dec-21,Purchase,XDN0,XDN0,My Nutmeg Pot,ISA,1.1166,42.3,47.23
20-Dec-21,Sale,EMIM,EMIM,My Nutmeg Pot,ISA,2.4281,25.95,63.01
06-Dec-21,Purchase,AWSG,AWSG,My Nutmeg Pot,ISA,1.282,14.5856,18.7
06-Dec-21,Purchase,EMIM,EMIM,My Nutmeg Pot,ISA,1.6736,26.2801,43.98
06-Dec-21,Purchase,XDN0,XDN0,My Nutmeg Pot,ISA,0.1987,42.2258,8.39
06-Dec-21,Purchase,VMID,VMID,My Nutmeg Pot,ISA,1.0055,35.3607,35.56
06-Dec-21,Purchase,SRUG,SRUG,My Nutmeg Pot,ISA,0.6177,17.9301,11.08
06-Dec-21,Purchase,LCJP,LCJP,My Nutmeg Pot,ISA,2.0877,12.3113,25.7
06-Dec-21,Purchase,UC94,UC94,My Nutmeg Pot,ISA,0.4667,21.5991,10.08
06-Dec-21,Purchase,CSP1,CSP1,My Nutmeg Pot,ISA,0.3495,350.587,122.53
06-Dec-21,Purchase,EUSR,EUSR,My Nutmeg Pot,ISA,0.9958,16.9066,16.84
06-Dec-21,Purchase,LCJG,LCJG,My Nutmeg Pot,ISA,1.0547,12.2641,12.93
06-Dec-21,Purchase,SUUS,SUUS,My Nutmeg Pot,ISA,2.1033,10.1097,21.26
06-Dec-21,Purchase,CPJ1,CPJ1,My Nutmeg Pot,ISA,0.0883,127.6376,11.27
06-Dec-21,Purchase,CUS1,CUS1,My Nutmeg Pot,ISA,0.0884,366.9658,32.44
06-Dec-21,Purchase,ISF,ISF,My Nutmeg Pot,ISA,2.4841,7.0685,17.56
06-Dec-21,Purchase,VUKE,VUKE,My Nutmeg Pot,ISA,1.9823,31.7156,62.87
06-Dec-21,Purchase,UC87,UC87,My Nutmeg Pot,ISA,0.5913,17.995,10.64
06-Dec-21,Purchase,XSFN,XSFN,My Nutmeg Pot,ISA,0.863,21.2724,18.36
06-Dec-21,Purchase,GSPX,GSPX,My Nutmeg Pot,ISA,9.5517,7.9987,76.4
06-Dec-21,Purchase,UB39,UB39,My Nutmeg Pot,ISA,0.3205,98.7784,31.66
06-Dec-21,Purchase,CES1,CES1,My Nutmeg Pot,ISA,0.0253,229.6546,5.81
06-Dec-21,Purchase,ISJP,ISJP,My Nutmeg Pot,ISA,0.1696,32.1798,5.46
02-Dec-21,Purchase,XSFN,XSFN,My Nutmeg Pot,ISA,0.1423,20.92,2.98
02-Dec-21,Purchase,XDN0,XDN0,My Nutmeg Pot,ISA,0.0327,41.9258,1.37
02-Dec-21,Purchase,SRUG,SRUG,My Nutmeg Pot,ISA,0.1019,17.8801,1.82
02-Dec-21,Purchase,EMIM,EMIM,My Nutmeg Pot,ISA,0.276,26.5542,7.33
02-Dec-21,Purchase,EUSR,EUSR,My Nutmeg Pot,ISA,0.1641,16.7823,2.75
02-Dec-21,Purchase,VUKE,VUKE,My Nutmeg Pot,ISA,0.3268,31.2156,10.2
02-Dec-21,Purchase,UC94,UC94,My Nutmeg Pot,ISA,0.0769,21.1859,1.63
02-Dec-21,Purchase,GSPX,GSPX,My Nutmeg Pot,ISA,1.5747,7.9222,12.48
02-Dec-21,Purchase,LCJP,LCJP,My Nutmeg Pot,ISA,0.3442,12.1243,4.17
02-Dec-21,Purchase,ISJP,ISJP,My Nutmeg Pot,ISA,0.028,31.3698,0.88
02-Dec-21,Purchase,CES1,CES1,My Nutmeg Pot,ISA,0.0042,229.1046,0.96
02-Dec-21,Purchase,UB39,UB39,My Nutmeg Pot,ISA,0.0529,98.0414,5.19
02-Dec-21,Purchase,SUUS,SUUS,My Nutmeg Pot,ISA,0.3468,9.9554,3.45
02-Dec-21,Purchase,AWSG,AWSG,My Nutmeg Pot,ISA,0.2113,14.6019,3.09
02-Dec-21,Purchase,UC87,UC87,My Nutmeg Pot,ISA,0.0974,17.8095,1.73
02-Dec-21,Purchase,VMID,VMID,My Nutmeg Pot,ISA,0.1657,35.2257,5.84
02-Dec-21,Purchase,LCJG,LCJG,My Nutmeg Pot,ISA,0.1738,12.0778,2.1
02-Dec-21,Purchase,ISF,ISF,My Nutmeg Pot,ISA,0.4096,6.9556,2.85
02-Dec-21,Purchase,CUS1,CUS1,My Nutmeg Pot,ISA,0.0146,360.414,5.26
02-Dec-21,Purchase,CPJ1,CPJ1,My Nutmeg Pot,ISA,0.0146,126.5482,1.85
02-Dec-21,Purchase,CSP1,CSP1,My Nutmeg Pot,ISA,0.0576,345.7866,19.92
01-Dec-21,Fee,CASH,N/A,My Nutmeg Pot,ISA,0,0,1.6
25-Nov-21,Purchase,XSFN,XSFN,My Nutmeg Pot,ISA,0.132,22.269,2.94
25-Nov-21,Purchase,XDN0,XDN0,My Nutmeg Pot,ISA,0.0318,43.0609,1.37
25-Nov-21,Purchase,EUSR,EUSR,My Nutmeg Pot,ISA,0.1695,17.5034,2.97
25-Nov-21,Purchase,SRUG,SRUG,My Nutmeg Pot,ISA,0.0921,18.7098,1.72
25-Nov-21,Purchase,VUKE,VUKE,My Nutmeg Pot,ISA,0.3261,32.09,10.46
25-Nov-21,Purchase,EMIM,EMIM,My Nutmeg Pot,ISA,0.2705,27.0095,7.31
25-Nov-21,Purchase,SUUS,SUUS,My Nutmeg Pot,ISA,0.3247,10.351,3.36
25-Nov-21,Purchase,AWSG,AWSG,My Nutmeg Pot,ISA,0.2025,15.1526,3.07
25-Nov-21,Purchase,VMID,VMID,My Nutmeg Pot,ISA,0.1754,36.06,6.32
25-Nov-21,Purchase,LCJG,LCJG,My Nutmeg Pot,ISA,0.1778,12.7811,2.27
25-Nov-21,Purchase,ISF,ISF,My Nutmeg Pot,ISA,0.4083,7.162,2.92
25-Nov-21,Purchase,CSP1,CSP1,My Nutmeg Pot,ISA,0.0558,360.55,20.12
25-Nov-21,Purchase,UC87,UC87,My Nutmeg Pot,ISA,0.0957,18.713,1.79
25-Nov-21,Purchase,UB39,UB39,My Nutmeg Pot,ISA,0.0544,101.1524,5.5
25-Nov-21,Purchase,UC94,UC94,My Nutmeg Pot,ISA,0.0771,21.7361,1.68
25-Nov-21,Purchase,GSPX,GSPX,My Nutmeg Pot,ISA,1.5124,8.2809,12.52
25-Nov-21,Purchase,CES1,CES1,My Nutmeg Pot,ISA,0.0042,234.5547,0.99
25-Nov-21,Purchase,CPJ1,CPJ1,My Nutmeg Pot,ISA,0.0145,132.4594,1.92
25-Nov-21,Purchase,LCJP,LCJP,My Nutmeg Pot,ISA,0.3459,12.5383,4.34
25-Nov-21,Purchase,CUS1,CUS1,My Nutmeg Pot,ISA,0.0133,389.1065,5.18
25-Nov-21,Purchase,ISJP,ISJP,My Nutmeg Pot,ISA,0.0288,32.4846,0.94
